smiles,scaffold,r1_fragment,r2_fragment,is_biased,id,mw,logp,hbd,hba,tpsa,rotatable_bonds,ring_count,aromatic_rings,heavy_atoms,num_heteroatoms
NS(=O)(=O)c1cc2cccc(O)c2[nH]1,indole,O,S(=O)(=O)N,True,SMOL-0001,212.23000000000002,0.5209000000000005,3,3,96.18,1,2,2,14,6
NC(=O)c1cccc(-c2ccccc2N)n1,other,C(=O)N,N,True,SMOL-0002,213.23999999999998,1.4297,2,3,82.0,2,2,2,16,4
NC1=CC2COCCNC=NN12,pyrazole,N,C1COCCN1,True,SMOL-0003,168.20000000000005,-0.9661999999999995,2,5,62.88,0,2,0,12,5
Nc1[nH]c2ccccc2c1C(=O)O,indole,N,C(=O)O,True,SMOL-0004,176.17499999999995,1.4483,3,2,79.11,1,2,2,13,4
O=C(O)c1n[nH]cc1O,pyrazole,O,C(=O)O,True,SMOL-0005,128.087,-0.18650000000000017,3,3,86.21,1,1,1,9,5
C1=NN2C3=CC3COCCNC2CNCCN1,pyrazole,C1COCCN1,C1CNCCN1,True,SMOL-0006,237.307,-1.1158999999999981,3,6,60.92,0,3,0,17,6
CCNc1ncc2cccc(O)c2n1,phenylpyridine,NCC,O,True,SMOL-0007,189.218,1.7671999999999994,2,4,58.040000000000006,2,2,2,14,4
COc1ccccc1-c1cc(C(N)=O)ccn1,phenylpyridine,OC,C(N)=O,True,SMOL-0008,228.25099999999998,1.8560999999999996,1,3,65.21000000000001,3,2,2,17,4
CCNc1ccnc(-c2ccccc2C(=O)O)c1,phenylpyridine,C(=O)O,NCC,True,SMOL-0009,242.278,2.8786000000000005,2,3,62.22,4,2,2,18,4
Nc1cc2cccc(N)c2[nH]1,indole,N,N,True,SMOL-0010,147.181,1.3322999999999998,3,2,67.83,0,2,2,11,3
CCNc1cc2nccnc2cc1C(=O)NC,other,C(=O)NC,NCC,True,SMOL-0011,230.27099999999996,1.4211999999999998,2,4,66.91,3,2,2,17,5
CC(C)c1n[nH]nnc2c3nc1c([nH]3)=CC=C2,benzimidazole,c1nn[nH]n1,C(C)C,True,SMOL-0012,228.25900000000004,0.8499999999999998,2,4,83.13999999999999,1,3,2,17,6
Nc1cccc2nc(S(N)(=O)=O)[nH]c12,indole,N,S(=O)(=O)N,True,SMOL-0013,212.234,-0.20750000000000013,3,4,114.85999999999999,1,2,2,14,7
NC(=O)c1n[nH]cc1Cl,pyrazole,Cl,C(N)=O,True,SMOL-0014,145.54899999999998,0.16199999999999964,2,2,71.77000000000001,1,1,1,9,5
COc1cccc(-c2ccccc2O)n1,other,OC,O,True,SMOL-0015,201.225,2.462800000000001,1,3,42.35,2,2,2,15,3
CCNc1cccc(-c2ccccc2CC(C)C)n1,other,NCC,CC(C)C,True,SMOL-0016,254.37699999999998,4.3789000000000025,1,2,24.92,5,2,2,19,2
Fc1cccc(C2=CC=CC3COCCNC=C23)n1,other,F,C1COCCN1,True,SMOL-0017,258.29599999999994,2.2938,1,3,34.15,1,3,1,19,4
CC(=O)Nc1nc2c(C(N)=O)cccc2[nH]1,benzimidazole,NC(=O)C,C(N)=O,True,SMOL-0018,218.216,0.6201999999999996,3,3,100.87,2,2,2,16,6
CC(=O)Nc1cc2nccnc2cc1C(N)=O,other,C(N)=O,NC(=O)C,True,SMOL-0019,230.22699999999998,0.6870999999999998,2,4,97.97,2,2,2,17,6
CNC(=O)c1cccc2cc(C(N)=O)[nH]c12,indole,C(=O)NC,C(=O)N,True,SMOL-0020,217.22799999999998,0.6263999999999998,3,2,87.97999999999999,2,2,2,16,5
NC(=O)c1cccc(C2=CC=CC3COCCNC=C23)n1,other,C(=O)N,C1COCCN1,True,SMOL-0021,283.33099999999996,1.2535999999999998,2,4,77.24000000000001,2,3,1,21,5
NC(=O)n1nccc1C(=O)O,pyrazole,C(=O)O,C(N)=O,True,SMOL-0022,155.11299999999997,-0.4919000000000003,2,4,98.21000000000001,1,1,1,11,6
O=C(O)c1[nH]c2ccccc2c1O,indole,C(=O)O,O,True,SMOL-0023,177.159,1.5716999999999997,3,2,73.32,1,2,2,13,4
Nc1cc2c3cc1C(C=CN=3)COCCNN=2,other,C1COCCN1,N,True,SMOL-0024,230.27099999999996,-0.3463,2,5,72.0,0,3,1,17,5
C1=CC=C2NCCOCC3C=CC=c4[nH]c3nc4=C2C=C1,benzimidazole,C1COCCN1,c1ccccc1,True,SMOL-0025,279.343,0.6239999999999997,2,3,49.94,0,4,1,21,4
NC(=O)c1nc2c(C(N)=O)cccc2[nH]1,benzimidazole,C(=O)N,C(=O)N,True,SMOL-0026,204.18900000000002,-0.23930000000000112,3,3,114.85999999999999,2,2,2,15,6
C1=CC=C2C=CC2=c2[nH]c3nc2=CNCCOCC3C=C1,indole,c1ccccc1,C1COCCN1,True,SMOL-0027,279.34299999999996,0.6239999999999999,2,3,49.94,0,4,1,21,4
CC(C)Cc1cccc(-c2ccccc2C(N)=O)n1,other,CC(C)C,C(=O)N,True,SMOL-0028,254.33299999999997,3.0460000000000003,1,2,55.980000000000004,4,2,2,19,3
Nc1nc2c(O)cccc2[nH]1,benzimidazole,N,O,True,SMOL-0029,149.15299999999996,0.8506999999999998,3,3,74.93,0,2,2,11,4
NC(=O)c1cc2cccc(C(N)=O)c2[nH]1,indole,C(=O)N,C(=O)N,True,SMOL-0030,203.20099999999996,0.3657000000000001,3,2,101.97,2,2,2,15,5
CNC(=O)C1=c2[nH]c3nc2=CNCCOCC3C=C1,indole,C(=O)NC,C1COCCN1,True,SMOL-0031,260.29699999999997,-1.6823999999999975,3,4,79.04,1,3,1,19,6
On1nccc1F,pyrazole,F,O,True,SMOL-0032,102.068,0.2595,1,3,38.05,0,1,1,7,4
CC(=O)NC1=c2[nH]c3cc2cn[nH]nnc3C=C1,indole,NC(=O)C,c1nn[nH]n1,True,SMOL-0033,242.24200000000002,-0.2046000000000005,3,4,99.35,1,3,2,18,7
CCNc1ncc2cccc(C(N)=O)c2n1,phenylpyridine,NCC,C(N)=O,True,SMOL-0034,216.24399999999997,1.1604999999999996,2,4,80.89999999999999,3,2,2,16,5
C1=CC2CNCCNC3COCCNC=c4cnc3nc4=C12,phenylpyridine,C1COCCN1,C1CNCCN1,True,SMOL-0035,299.37800000000004,-1.5949999999999966,3,6,71.1,0,5,1,22,6
CCNc1cccc2cnc(C(C)C)nc12,phenylpyridine,C(C)C,NCC,True,SMOL-0036,215.29999999999995,3.1850000000000014,1,3,37.81,3,2,2,16,3
FN1N=CC=CC=CC=C2C=C21,pyrazole,c1ccccc1,F,True,SMOL-0037,162.16699999999997,2.1086,0,2,15.6,0,2,0,12,3
FC(F)(F)c1ncc2cn[nH]nnc3c(c2n1)C=C3,phenylpyridine,C(F)(F)F,c1nn[nH]n1,True,SMOL-0038,266.18600000000004,1.7698999999999994,1,5,80.24,0,3,2,19,9
CCNc1ccccc1-c1cccc(C(N)=O)n1,other,C(=O)N,NCC,True,SMOL-0039,241.29399999999995,2.2792999999999997,2,3,68.00999999999999,4,2,2,18,4
CCC1=CC2CCC=NN12,pyrazole,CC,C1CC1,True,SMOL-0040,136.19799999999998,1.7441,0,2,15.6,1,2,0,10,2
CNC(=O)c1[nH]c2c3c1C(C=CC=2)CNCCNC=3,indole,C(=O)NC,C1CNCCN1,True,SMOL-0041,258.325,-1.2609999999999977,4,3,68.95,1,3,1,19,5
Clc1cc2c([nH]1)=C1C=CC1CCC=2,indole,C1CC1,Cl,True,SMOL-0042,191.66099999999997,1.5791,1,0,15.79,0,3,1,13,2
O=C(O)c1ncc2cccc(C(=O)O)c2n1,phenylpyridine,C(=O)O,C(=O)O,True,SMOL-0043,218.16799999999998,1.0261999999999998,2,4,100.38,2,2,2,16,6
CCc1c[nH]nc1N,pyrazole,CC,N,True,SMOL-0044,111.148,0.5543,2,2,54.7,1,1,1,8,3
Cc1nc2c(C(C)C)cccc2[nH]1,benzimidazole,C,C(C)C,True,SMOL-0045,174.24699999999999,2.994720000000001,1,1,28.68,1,2,2,13,2
CCNc1ccnn1C(N)=O,pyrazole,NCC,C(=O)N,True,SMOL-0046,154.17299999999997,0.24169999999999997,2,4,72.94,2,1,1,11,5
CCc1nc2c(C(N)=O)cccc2[nH]1,benzimidazole,CC,C(=O)N,True,SMOL-0047,189.21800000000002,1.2242,2,2,71.77,2,2,2,14,4
FC1=CC2COCCNC=NN12,pyrazole,F,C1COCCN1,True,SMOL-0048,171.17500000000004,0.04460000000000003,1,4,36.86,0,2,0,12,5
CCNC1=CCCC2C=CC=C1c1cccc2n1,other,C1CC1,NCC,True,SMOL-0049,238.334,3.4056000000000024,1,2,24.92,2,4,1,18,2
COc1cccc(C2=CC=CC3COCCNC=C23)n1,other,OC,C1COCCN1,True,SMOL-0050,270.332,2.1632999999999996,1,4,43.38,2,3,1,20,4
C1=CC2CNCCNc3nn[nH]nnc4cc3c2cc4=N1,other,C1CNCCN1,c1nn[nH]n1,True,SMOL-0051,282.31100000000004,-0.16320000000000018,3,7,103.77,0,4,2,21,8
Nc1cc2cccc(C(=O)O)c2[nH]1,indole,C(=O)O,N,True,SMOL-0052,176.17499999999998,1.4483,3,2,79.11000000000001,1,2,2,13,4
CNC(=O)c1[nH]c2ccccc2c1C(=O)O,indole,C(=O)NC,C(=O)O,True,SMOL-0053,218.212,1.2257,3,2,82.19,2,2,2,16,5
COc1ccccc1-c1cccc(O)n1,other,O,OC,True,SMOL-0054,201.225,2.462800000000001,1,3,42.35,2,2,2,15,3
O=C(O)c1[nH]c2c3c1C(=CC=CC=CC=3)C=CC=2,indole,C(=O)O,c1ccccc1,True,SMOL-0055,237.25800000000004,1.3531000000000004,2,1,53.089999999999996,1,3,1,18,3
Nc1cc2nccnc2cc1C(=O)O,other,N,C(=O)O,True,SMOL-0056,189.174,0.9101999999999999,2,4,89.10000000000001,1,2,2,14,5
NC(=O)c1cccc2[nH]c(C(=O)O)nc12,benzimidazole,C(=O)O,C(=O)N,True,SMOL-0057,205.17299999999997,0.3599999999999999,3,3,109.07000000000001,2,2,2,15,6
CNC(=O)c1c[nH]nc1C(=O)O,pyrazole,C(=O)NC,C(=O)O,True,SMOL-0058,169.14,-0.5325000000000002,3,3,95.08,2,1,1,12,6
CCNc1nc2c(C(=O)O)cccc2[nH]1,benzimidazole,NCC,C(=O)O,True,SMOL-0059,205.217,1.6928999999999998,3,3,78.00999999999999,3,2,2,15,5
CC(=O)Nc1cccc2cc(C(N)=O)[nH]c12,indole,NC(=O)C,C(N)=O,True,SMOL-0060,217.22799999999998,1.2251999999999998,3,2,87.97999999999999,2,2,2,16,5
COc1nc2c([nH]1)=C1C=CC1CNCCNC=2,indole,C1CNCCN1,OC,True,SMOL-0061,232.287,-1.3141999999999978,3,4,61.97,1,3,1,17,5
COc1cc2cccc(O)c2[nH]1,indole,O,OC,True,SMOL-0062,163.176,1.8821,2,2,45.25,1,2,2,12,3
O=C(O)c1cc2cccc(C(=O)O)c2[nH]1,indole,C(=O)O,C(=O)O,True,SMOL-0063,205.16899999999998,1.5642999999999998,3,2,90.38999999999999,2,2,2,15,5
O=C(O)c1nc2c([nH]1)=CC=CC1CCC=21,benzimidazole,C(=O)O,C1CC1,True,SMOL-0064,202.213,0.01890000000000014,2,2,65.97999999999999,1,3,1,15,4
CCNc1nc2c(F)cccc2[nH]1,benzimidazole,NCC,F,True,SMOL-0065,179.198,2.1338,2,2,40.71,2,2,2,13,4
CC(C)Cc1cc2cccc(O)c2[nH]1,indole,O,CC(C)C,True,SMOL-0066,189.25799999999998,3.0720000000000014,2,1,36.019999999999996,2,2,2,14,2
CC(C)c1[nH]c2c3c1C(C=CC=2)CCC=3,indole,C(C)C,C1CC1,True,SMOL-0067,199.29699999999997,2.1463,1,0,15.79,1,3,1,15,1
NC(=O)c1cccc(C2=CC=CC3CNCCNC=C23)n1,other,C(=O)N,C1CNCCN1,True,SMOL-0068,282.347,0.8265999999999999,3,4,80.04,2,3,1,21,5
Fc1cccc(-c2cccc3c2C=CC=CC=C3)n1,other,F,c1ccccc1,True,SMOL-0069,249.288,4.483900000000003,0,1,12.89,1,3,2,19,2
CC(C)Cc1ccnc(C2=C3C=CC3COCCNC=C2)c1,phenylpyridine,C1COCCN1,CC(C)C,True,SMOL-0070,296.41399999999993,3.353200000000002,1,3,34.15,3,3,1,22,3
CCNC1=c2nc3ncc2=CCCC3C=C1,phenylpyridine,C1CC1,NCC,True,SMOL-0071,213.284,0.42200000000000015,1,3,37.81,2,3,1,16,3
CCC1=c2nc3ncc2=CNCCOCC3C=C1,phenylpyridine,C1COCCN1,CC,True,SMOL-0072,243.30999999999997,0.04849999999999999,1,4,47.040000000000006,1,3,1,18,4
CC(=O)NC1=CC2CNCCNC=NN12,pyrazole,NC(=O)C,C1CNCCN1,True,SMOL-0073,209.253,-1.2157999999999982,3,5,68.76,1,2,0,15,6
CC(C)c1ccccc1-c1cccc(S(N)(=O)=O)n1,other,S(=O)(=O)N,C(C)C,True,SMOL-0074,276.361,2.5193999999999996,1,3,73.05000000000001,3,2,2,19,5
COc1c[nH]nc1O,pyrazole,OC,O,True,SMOL-0075,114.10399999999998,0.1238999999999999,2,3,58.14,1,1,1,8,4
CNC(=O)c1cc2nccnc2cc1O,other,O,C(=O)NC,True,SMOL-0076,203.201,0.6949999999999998,2,4,75.11,1,2,2,15,5
CC(C)c1[nH]c2ccccc2c1N,indole,C(C)C,N,True,SMOL-0077,174.24699999999996,2.873500000000001,2,1,41.81,1,2,2,13,2
Nc1ccnc(-c2ccccc2N)c1,phenylpyridine,N,N,True,SMOL-0078,185.23,1.9129999999999998,2,3,64.92999999999999,1,2,2,14,3
CCC1=CNCCOCC2C=CC=C1c1cccc2n1,other,C1COCCN1,CC,True,SMOL-0079,268.36,3.0321000000000016,1,3,34.15,1,3,1,20,3
CNC(=O)c1n[nH]cc1C(=O)O,pyrazole,C(=O)O,C(=O)NC,True,SMOL-0080,169.14,-0.5325000000000002,3,3,95.08,2,1,1,12,6
CC(=O)Nc1n[nH]cc1N,pyrazole,N,NC(=O)C,True,SMOL-0081,140.146,-0.04970000000000041,3,3,83.8,1,1,1,10,5
CC(=O)Nc1cccc(-c2ccccc2C(N)=O)n1,other,NC(=O)C,C(N)=O,True,SMOL-0082,255.277,1.8058999999999996,2,3,85.08,3,2,2,19,5
CC(=O)NC1=c2nc3ncc2=CNCCOCC3C=C1,phenylpyridine,C1COCCN1,NC(=O)C,True,SMOL-0083,272.308,-1.2678999999999987,2,5,76.14,1,3,1,20,6
C1=CC2CCC3CNCCNC=c4cnc3nc4=C12,phenylpyridine,C1CNCCN1,C1CC1,True,SMOL-0084,254.33700000000002,-0.3784999999999985,2,4,49.84,0,4,1,19,4
CNC(=O)c1cc2cccc(O)c2[nH]1,indole,O,C(=O)NC,True,SMOL-0085,190.202,1.2330999999999996,3,2,65.12,1,2,2,14,4
CC(C)Cc1c[nH]nc1N,pyrazole,CC(C)C,N,True,SMOL-0086,139.20199999999997,1.1904,2,2,54.7,2,1,1,10,3
NC(=O)C1=C2C=CC=C(N=NNN=C1)c1cccc2n1,other,c1nn[nH]n1,C(=O)N,True,SMOL-0087,266.264,1.1874,2,6,105.09,1,3,1,20,7
Clc1cc2nccnc2cc1Cl,other,Cl,Cl,True,SMOL-0088,199.04,2.9366000000000003,0,2,25.78,0,2,2,12,4
NS(=O)(=O)c1cc2c3cc1C(C=CN=2)CNCCNN=3,other,S(=O)(=O)N,C1CNCCN1,True,SMOL-0089,293.35200000000003,-1.7080999999999975,3,6,108.94000000000001,1,4,1,20,8
CNC(=O)n1nccc1OC,pyrazole,OC,C(=O)NC,True,SMOL-0090,155.15699999999998,0.07919999999999972,1,4,56.150000000000006,1,1,1,11,5
Cn1nccc1O,pyrazole,O,C,True,SMOL-0091,98.10499999999999,0.12569999999999998,1,3,38.05,0,1,1,7,3
NC1=c2nc3ncc2=CCCC3C=C1,phenylpyridine,C1CC1,N,True,SMOL-0092,185.23,-0.2287999999999999,1,3,51.8,0,3,1,14,3
NS(=O)(=O)c1ccccc1-c1cc(Cl)ccn1,phenylpyridine,S(=O)(=O)N,Cl,True,SMOL-0093,268.72499999999997,2.0494,1,3,73.05000000000001,2,2,2,17,6
NC(=O)c1ccnn1S(N)(=O)=O,pyrazole,C(=O)N,S(=O)(=O)N,True,SMOL-0094,190.18399999999997,-1.9663999999999993,2,5,121.07,2,1,1,12,8
COc1cccc(-c2ccccc2C(=O)O)n1,other,OC,C(=O)O,True,SMOL-0095,229.23499999999999,2.4554,1,3,59.42,3,2,2,17,4
NS(=O)(=O)C1=CC=C2N=NNN=Cc3cnc2nc31,phenylpyridine,c1nn[nH]n1,S(=O)(=O)N,True,SMOL-0096,277.269,-0.23519999999999935,2,8,135.05,1,3,1,19,10
Nc1[nH]c2c3c1C(C=CC=2)COCCNC=3,indole,N,C1COCCN1,True,SMOL-0097,217.27199999999996,-0.6114000000000002,3,3,63.07000000000001,0,3,1,16,4
NC(=O)c1cccc2cnc(O)nc12,phenylpyridine,O,C(N)=O,True,SMOL-0098,189.17399999999995,0.43429999999999996,2,4,89.10000000000001,1,2,2,14,5
CC(=O)Nc1ccccc1-c1cc(S(N)(=O)=O)ccn1,phenylpyridine,NC(=O)C,S(=O)(=O)N,True,SMOL-0099,291.33199999999994,1.3543999999999998,2,4,102.14999999999999,3,2,2,20,7
CCc1c(N)[nH]c2ccccc12,indole,N,CC,True,SMOL-0100,160.22,2.3125,2,1,41.81,1,2,2,12,2
FC(F)(F)c1ccnc(-c2ccn[nH]nnc3c2C=C3)c1,phenylpyridine,c1nn[nH]n1,C(F)(F)F,True,SMOL-0101,291.23600000000005,2.8887,1,4,67.35,1,3,2,21,8
NS(=O)(=O)c1[nH]c2c3c1C(=CC=CC=CC=3)C=CC=2,indole,S(=O)(=O)N,c1ccccc1,True,SMOL-0102,272.329,0.3023000000000011,2,2,75.95,1,3,1,19,5
O=C(O)c1c2[nH]c3c1ccccccc2C=CC=3,indole,c1ccccc1,C(=O)O,True,SMOL-0103,237.25800000000004,2.516700000000001,2,1,53.089999999999996,1,3,2,18,3
ClC1=CC2COCCNC=NN12,pyrazole,Cl,C1COCCN1,True,SMOL-0104,187.63000000000002,0.3138999999999999,1,4,36.86,0,2,0,12,5
COC1=CC2CCNN=C12,pyrazole,OC,C1CC1,True,SMOL-0105,138.17000000000002,0.49579999999999996,1,3,33.62,1,2,0,10,3
CC(C)c1ccccc1-c1cccc(F)n1,other,F,C(C)C,True,SMOL-0106,215.27099999999996,4.0111000000000026,0,1,12.89,2,2,2,16,2
Oc1ccnc(-c2ccccc2Cl)c1,phenylpyridine,Cl,O,True,SMOL-0107,205.644,3.1076000000000006,1,2,33.120000000000005,1,2,2,14,3
CCNc1cc2c3cc1C(C=CN=2)COCCNN=3,other,NCC,C1COCCN1,True,SMOL-0108,258.32499999999993,0.5032999999999992,2,5,58.010000000000005,2,4,1,19,5
CCNc1ccccc1-c1cccc(S(N)(=O)=O)n1,other,S(=O)(=O)N,NCC,True,SMOL-0109,277.349,1.8277999999999996,2,4,85.08,4,2,2,19,6
Oc1cc2c([nH]1)=C1C=CC1COCCNC=2,indole,C1COCCN1,O,True,SMOL-0110,218.25599999999997,-0.5851999999999999,3,3,57.28,0,3,1,16,4
Cc1cccc2[nH]c(C(=O)O)nc12,benzimidazole,C(=O)O,C,True,SMOL-0111,176.175,1.56952,2,2,65.98,1,2,2,13,4
Cc1cccc2[nH]c(C(N)=O)nc12,benzimidazole,C(N)=O,C,True,SMOL-0112,175.19099999999997,0.9702200000000001,2,2,71.77000000000001,1,2,2,13,4
CC(=O)Nc1ccccc1-c1cccc(C(=O)O)n1,other,C(=O)O,NC(=O)C,True,SMOL-0113,256.26099999999997,2.4052,2,3,79.29,3,2,2,19,5
NC(=O)c1cccc2nc(F)[nH]c12,indole,C(N)=O,F,True,SMOL-0114,179.15399999999997,0.8009,2,2,71.77000000000001,1,2,2,13,5
NC(=O)c1ncc2cn[nH]nnc3c(c2n1)C=C3,phenylpyridine,C(N)=O,c1nn[nH]n1,True,SMOL-0115,241.214,-0.1500000000000003,2,6,123.33,1,3,2,18,8
NC(=O)c1ccnn1O,pyrazole,C(N)=O,O,True,SMOL-0116,127.10299999999998,-0.7807000000000004,2,4,81.14,1,1,1,9,5
CC(C)c1cccc2cnc(C(N)=O)nc12,phenylpyridine,C(=O)N,C(C)C,True,SMOL-0117,215.25599999999994,1.8520999999999996,1,3,68.87,2,2,2,16,4
CNC(=O)c1cccc2cnc(O)nc12,phenylpyridine,O,C(=O)NC,True,SMOL-0118,203.201,0.6949999999999998,2,4,75.11,1,2,2,15,5
COc1cc2nccnc2cc1C(N)=O,other,OC,C(N)=O,True,SMOL-0119,203.201,0.7372999999999998,1,4,78.1,2,2,2,15,5
O=C(O)c1c[nH]nc1O,pyrazole,C(=O)O,O,True,SMOL-0120,128.087,-0.18650000000000005,3,3,86.21,1,1,1,9,5
OC1=c2[nH]c3nc2=CCCC3C=C1,indole,O,C1CC1,True,SMOL-0121,174.203,0.30359999999999987,2,2,48.91,0,3,1,13,3
CCn1nccc1NC(C)=O,pyrazole,NC(=O)C,CC,True,SMOL-0122,153.18499999999997,0.8613999999999999,1,3,46.92,2,1,1,11,4
CNC(=O)c1cc2nccnc2cc1NC(C)=O,other,C(=O)NC,NC(=O)C,True,SMOL-0123,244.254,0.9477999999999999,2,4,83.97999999999999,2,2,2,18,6
COc1cccc2cc(S(N)(=O)=O)[nH]c12,indole,OC,S(=O)(=O)N,True,SMOL-0124,226.25699999999998,0.8238999999999999,2,3,85.18,2,2,2,15,6
CC(=O)Nc1ncc2cccc(C(N)=O)c2n1,phenylpyridine,NC(=O)C,C(N)=O,True,SMOL-0125,230.22699999999998,0.6870999999999998,2,4,97.97000000000001,2,2,2,17,6
O=C(O)C1=CC=C2N=NNN=Cc3cnc2nc31,phenylpyridine,c1nn[nH]n1,C(=O)O,True,SMOL-0126,242.198,0.6034,2,7,112.19,1,3,1,18,8
CC(=O)NC1=c2[nH]c3nc2ccccccc3C=C1,indole,NC(=O)C,c1ccccc1,True,SMOL-0127,251.28900000000004,1.6772999999999996,2,2,57.78,1,3,2,19,4
CNC(=O)C1=CC2COCCNNN=C12,pyrazole,C(=O)NC,C1COCCN1,True,SMOL-0128,210.237,-1.2309999999999979,3,5,74.75,1,2,0,15,6
NS(=O)(=O)c1[nH]c2ccccc2c1C(=O)O,indole,S(=O)(=O)N,C(=O)O,True,SMOL-0129,240.24,0.5134999999999998,3,3,113.25000000000001,2,2,2,16,7
CNC(=O)c1c[nH]nc1C(N)=O,pyrazole,C(=O)NC,C(N)=O,True,SMOL-0130,168.15599999999998,-1.1317999999999995,3,3,100.87,2,1,1,12,6
O=C(O)C1=c2nc3[nH]c2=CC=CC3CNCCN1,benzimidazole,C1CNCCN1,C(=O)O,True,SMOL-0131,246.27,-1.770799999999998,4,4,90.03999999999999,1,3,1,18,6
CCNc1nc2c(C(C)C)cccc2[nH]1,benzimidazole,NCC,C(C)C,True,SMOL-0132,203.28900000000002,3.118100000000001,2,2,40.71,3,2,2,15,3
Cc1n[nH]cc1C(N)=O,pyrazole,C(N)=O,C,True,SMOL-0133,125.13099999999999,-0.18298000000000003,2,2,71.77000000000001,1,1,1,9,4
CC(=O)Nc1cccc(-c2ccccc2C(=O)O)n1,other,NC(=O)C,C(=O)O,True,SMOL-0134,256.26099999999997,2.4052,2,3,79.29,3,2,2,19,5
NC(=O)c1cccc(-c2ccccc2O)n1,other,C(=O)N,O,True,SMOL-0135,214.224,1.5531,2,3,76.21000000000001,2,2,2,16,4
CCNc1cccc2[nH]c(C(=O)NC)nc12,benzimidazole,C(=O)NC,NCC,True,SMOL-0136,218.25999999999996,1.3542999999999998,3,3,69.81,3,2,2,16,5
CC(=O)NC1=c2nc3[nH]c2=CC=CC3COCCN1,benzimidazole,C1COCCN1,NC(=O)C,True,SMOL-0137,260.29699999999997,-1.3347999999999987,3,4,79.04,1,3,1,19,6
CC(=O)Nc1nc2cccc(C(=O)O)c2[nH]1,indole,C(=O)O,NC(=O)C,True,SMOL-0138,219.2,1.2194999999999996,3,3,95.08000000000001,2,2,2,16,6
Fc1c(Cl)[nH]c2ccccc12,indole,Cl,F,True,SMOL-0139,169.586,2.9604,1,0,15.79,0,2,2,11,3
CCNc1cccc2cc(C(=O)O)[nH]c12,indole,NCC,C(=O)O,True,SMOL-0140,204.22899999999996,2.2979,3,2,65.12,3,2,2,15,4
CCNc1cc2c([nH]1)=C1C=CC1CNCCNC=2,indole,C1CNCCN1,NCC,True,SMOL-0141,244.34199999999998,-0.2859999999999991,4,3,51.88,2,3,1,18,4
CNC(=O)n1nccc1CC(C)C,pyrazole,CC(C)C,C(=O)NC,True,SMOL-0142,181.23899999999998,1.2690999999999997,1,3,46.92,2,1,1,13,4
CNC(=O)c1nc2c(OC)cccc2[nH]1,benzimidazole,C(=O)NC,OC,True,SMOL-0143,205.217,0.9310999999999998,2,3,67.00999999999999,2,2,2,15,5
C1=C2C1COCCNc1ccccccnn12,pyrazole,C1COCCN1,c1ccccc1,True,SMOL-0144,229.28300000000004,1.9203,1,4,39.08,0,3,1,17,4
COc1cccccc2c3nc1c([nH]3)=CC=C2,benzimidazole,c1ccccc1,OC,True,SMOL-0145,224.263,2.2221,1,2,37.91,1,3,2,17,3
CCNC1=c2nc3[nH]c2=CC=CC3CNCCN1,benzimidazole,C1CNCCN1,NCC,True,SMOL-0146,245.33,-1.2883999999999975,4,4,64.77,2,3,1,18,5
CCNc1ncc2cn[nH]nnc3c(c2n1)C=C3,phenylpyridine,NCC,c1nn[nH]n1,True,SMOL-0147,241.258,1.1828999999999996,2,6,92.27000000000001,2,3,2,18,7
Nc1ccccc1-c1cccc(S(N)(=O)=O)n1,other,S(=O)(=O)N,N,True,SMOL-0148,249.295,0.9782,2,4,99.07000000000001,2,2,2,17,6
NC(=O)c1cccc2cnc(C(=O)O)nc12,phenylpyridine,C(=O)O,C(N)=O,True,SMOL-0149,217.18399999999994,0.42690000000000006,2,4,106.17000000000002,2,2,2,16,6
NC(=O)n1nccc1N,pyrazole,N,C(=O)N,True,SMOL-0150,126.11899999999999,-0.6079000000000003,2,4,86.93,0,1,1,9,5
COc1nc2cccc(OC)c2[nH]1,indole,OC,OC,True,SMOL-0151,178.19099999999997,1.5800999999999998,1,3,47.14,2,2,2,13,4
NC(=O)c1cc2c([nH]1)=C1C=CC1COCCNC=2,indole,C1COCCN1,C(N)=O,True,SMOL-0152,245.28199999999998,-1.1918999999999988,3,3,80.14,1,3,1,18,5
O=C(O)C1=c2nc3[nH]c2=CC=CC3COCCN1,benzimidazole,C1COCCN1,C(=O)O,True,SMOL-0153,247.254,-1.343799999999999,3,4,87.24,1,3,1,18,6
CCNc1nc2c([nH]1)=C1C=CC1COCCNC=2,indole,C1COCCN1,NCC,True,SMOL-0154,246.314,-0.4639999999999991,3,4,61.97,2,3,1,18,5
CCNc1c(F)[nH]c2ccccc12,indole,F,NCC,True,SMOL-0155,178.21,2.7388000000000003,2,1,27.82,2,2,2,13,3
CCc1nc2c([nH]1)=C1C=CC1CNCCNC=2,indole,C1CNCCN1,CC,True,SMOL-0156,230.315,-0.7603999999999986,3,3,52.74,1,3,1,17,4
CCNc1ncc2cccc(C(F)(F)F)c2n1,phenylpyridine,NCC,C(F)(F)F,True,SMOL-0157,241.21599999999995,3.080400000000001,1,3,37.81,2,2,2,17,6
COc1nc2cn[nH]nnc3c(c2[nH]1)C=C3,indole,c1nn[nH]n1,OC,True,SMOL-0158,216.204,0.6927999999999995,2,5,92.37,1,3,2,16,7
C1=CC=C2C=C2C2=NNNCCNCC2C=C1,pyrazole,c1ccccc1,C1CNCCN1,True,SMOL-0159,228.29899999999998,0.6483999999999999,3,4,48.45,0,3,0,17,4
OC1=c2nc3ncc2=CNCCOCC3C=C1,phenylpyridine,C1COCCN1,O,True,SMOL-0160,231.25499999999997,-0.8460000000000003,2,5,67.27000000000001,0,3,1,17,5
CCNc1cc2nccnc2cc1NC(C)=O,other,NC(=O)C,NCC,True,SMOL-0161,230.27099999999996,2.0199999999999996,2,4,66.91,3,2,2,17,5
FC(F)(F)C1=C2C=CCCC(C=C1)c1ccnc2c1,phenylpyridine,C(F)(F)F,C1CC1,True,SMOL-0162,263.262,4.400900000000003,0,1,12.89,0,4,1,19,4
CNC(=O)c1c[nH]nc1O,pyrazole,C(=O)NC,O,True,SMOL-0163,141.13,-0.5251000000000002,3,3,78.01,1,1,1,10,5
NC(=O)C1=c2[nH]c3nc2=CNCCNCC3C=C1,indole,C(=O)N,C1CNCCN1,True,SMOL-0164,245.286,-2.370099999999998,4,4,95.83000000000001,1,3,1,18,6
NC(=O)c1c(S(N)(=O)=O)[nH]c2ccccc12,indole,S(=O)(=O)N,C(N)=O,True,SMOL-0165,239.25600000000003,-0.08579999999999988,3,3,119.03999999999999,2,2,2,16,7
CCNc1cccc2[nH]c(C(N)=O)nc12,benzimidazole,C(N)=O,NCC,True,SMOL-0166,204.23299999999995,1.0935999999999997,3,3,83.8,3,2,2,15,5
CCc1nc2cccc(S(N)(=O)=O)c2[nH]1,indole,S(=O)(=O)N,CC,True,SMOL-0167,225.27299999999997,0.7727000000000002,2,3,88.84,2,2,2,15,6
Nc1nc2cccc(S(N)(=O)=O)c2[nH]1,indole,S(=O)(=O)N,N,True,SMOL-0168,212.23399999999995,-0.20750000000000013,3,4,114.85999999999999,1,2,2,14,7
COc1[nH]c2ccccc2c1O,indole,OC,O,True,SMOL-0169,163.17599999999996,1.8820999999999999,2,2,45.25,1,2,2,12,3
CCNc1[nH]c2ccccc2c1CC,indole,NCC,CC,True,SMOL-0170,188.27399999999994,3.1621000000000015,2,1,27.82,3,2,2,14,2
CNC(=O)c1ccccc1-c1cccc(C(F)(F)F)n1,other,C(F)(F)F,C(=O)NC,True,SMOL-0171,280.24899999999997,3.1270000000000016,1,2,41.99,2,2,2,20,6
CC(=O)Nc1ccccc1-c1cccc(C(N)=O)n1,other,C(=O)N,NC(=O)C,True,SMOL-0172,255.27699999999996,1.8058999999999996,2,3,85.08,3,2,2,19,5
CCC1=CC2CNCCNNN=C12,pyrazole,CC,C1CNCCN1,True,SMOL-0173,180.25500000000002,0.00599999999999945,3,4,48.449999999999996,1,2,0,13,4
COc1n[nH]cc1C(C)C,pyrazole,C(C)C,OC,True,SMOL-0174,140.18599999999998,1.5417,1,2,37.91,2,1,1,10,3
CC(C)c1ccccc1-c1cc(N)ccn1,phenylpyridine,C(C)C,N,True,SMOL-0175,212.29599999999996,3.454200000000001,1,2,38.91,2,2,2,16,2
CNC(=O)c1c2[nH]c3c1=CCCC2C=CC=3,indole,C1CC1,C(=O)NC,True,SMOL-0176,214.268,0.38250000000000006,2,1,44.89,1,3,1,16,3
COc1nc2c([nH]1)=C1C=CC1COCCNC=2,indole,C1COCCN1,OC,True,SMOL-0177,233.271,-0.8871999999999991,2,4,59.17,1,3,1,17,5
CNC(=O)c1cccc2cc(C)[nH]c12,indole,C(=O)NC,C,True,SMOL-0178,188.23,1.83592,2,1,44.89,1,2,2,14,3
CCNc1ccccc1-c1cccc(N)n1,other,N,NCC,True,SMOL-0179,213.28399999999996,2.7626,2,3,50.94,3,2,2,16,3
CCNc1c[nH]nc1NCC,pyrazole,NCC,NCC,True,SMOL-0180,154.21699999999998,1.2732999999999999,3,3,52.74,4,1,1,11,4
CCNc1c[nH]nc1C(N)=O,pyrazole,NCC,C(N)=O,True,SMOL-0181,154.17299999999997,-0.05960000000000015,3,3,83.80000000000001,3,1,1,11,5
CC(=O)Nc1cccc2nc(N)[nH]c12,indole,NC(=O)C,N,True,SMOL-0182,190.20599999999996,1.1034999999999997,3,3,83.80000000000001,1,2,2,14,5
Oc1cc2c3cc1C(C=CN=2)COCCNN=3,other,O,C1COCCN1,True,SMOL-0183,231.25499999999997,-0.22290000000000004,2,5,66.21000000000001,0,4,1,17,5
CC(C)c1cccc2[nH]c(N)nc12,benzimidazole,N,C(C)C,True,SMOL-0184,175.23499999999996,2.2685,2,2,54.7,1,2,2,13,3
COc1nc2c([nH]1)=CC=CC1COCCNC=21,benzimidazole,OC,C1COCCN1,True,SMOL-0185,233.27099999999996,-0.8871999999999991,2,4,59.17,1,3,1,17,5
CC(C)c1ccnn1S(N)(=O)=O,pyrazole,C(C)C,S(=O)(=O)N,True,SMOL-0186,189.23999999999998,0.058100000000000374,1,4,77.98,2,1,1,12,6
CCNC1=CC2CNCCNC=NN12,pyrazole,NCC,C1CNCCN1,True,SMOL-0187,195.27,-0.742399999999998,3,5,51.69,2,2,0,14,5
NS(=O)(=O)c1c[nH]nc1C(F)(F)F,pyrazole,S(=O)(=O)N,C(F)(F)F,True,SMOL-0188,215.15599999999995,0.07590000000000036,2,3,88.84,1,1,1,13,9
NS(=O)(=O)C1=c2[nH]c3cc2=CNCCNCC3C=C1,indole,S(=O)(=O)N,C1CNCCN1,True,SMOL-0189,280.353,-2.004399999999997,4,4,100.01,1,3,1,19,7
CNC(=O)c1nc2c(NC(C)=O)cccc2[nH]1,benzimidazole,C(=O)NC,NC(=O)C,True,SMOL-0190,232.24300000000002,0.8809,3,3,86.88,2,2,2,17,6
Oc1cc2nccnc2cc1C(F)(F)F,other,O,C(F)(F)F,True,SMOL-0191,214.14599999999996,2.3541999999999996,1,3,46.010000000000005,0,2,2,15,6
NC(=O)c1ccnc(C2=C3C=CC3CNCCNC=C2)c1,phenylpyridine,C1CNCCN1,C(N)=O,True,SMOL-0192,282.347,0.8265999999999999,3,4,80.04,2,3,1,21,5
NC(=O)c1ncc2cccc(Cl)c2n1,phenylpyridine,C(N)=O,Cl,True,SMOL-0193,207.61999999999998,1.3820999999999999,1,3,68.87,1,2,2,14,5
c1cc2c3nc4ncc3cn[nH]nnc-4n[nH]nnc1=2,phenylpyridine,c1nn[nH]n1,c1nn[nH]n1,True,SMOL-0194,266.22800000000007,-0.3900200000000002,2,8,134.7,0,5,1,20,10
COc1ccccc1-c1cccc(N)n1,other,N,OC,True,SMOL-0195,200.24099999999999,2.3393999999999995,1,3,48.14,2,2,2,15,3
O=C(O)c1n[nH]nnc2c3nc1c([nH]3)=CC=C2,benzimidazole,c1nn[nH]n1,C(=O)O,True,SMOL-0196,230.18700000000004,-0.5752000000000006,3,5,120.44,1,3,2,17,8
CC(=O)Nc1nc2c([nH]1)=CC=CC1CNCCNC=21,benzimidazole,NC(=O)C,C1CNCCN1,True,SMOL-0197,259.31300000000005,-1.364399999999998,4,4,81.84,1,3,1,19,6
CNC(=O)c1ccccc1-c1cccc(S(N)(=O)=O)n1,other,S(=O)(=O)N,C(=O)NC,True,SMOL-0198,291.332,0.7556,2,4,102.14999999999999,3,2,2,20,7
NC(=O)c1n[nH]nnc2c3nc1c([nH]3)=CC=C2,benzimidazole,c1nn[nH]n1,C(N)=O,True,SMOL-0199,229.20300000000003,-1.1744999999999999,3,5,126.23000000000002,1,3,2,17,8
COn1nccc1C(N)=O,pyrazole,C(N)=O,OC,True,SMOL-0200,141.13,-0.9596000000000002,1,4,70.14,2,1,1,10,5
NS(=O)(=O)c1ncc2cccc(C(=O)O)c2n1,phenylpyridine,S(=O)(=O)N,C(=O)O,True,SMOL-0201,253.239,-0.02460000000000001,2,5,123.24000000000001,2,2,2,17,8
COc1ccccc1-c1cccc(C(N)=O)n1,other,C(N)=O,OC,True,SMOL-0202,228.25099999999998,1.8560999999999994,1,3,65.21000000000001,3,2,2,17,4
COc1ccnc(-c2ccccc2C(=O)O)c1,phenylpyridine,C(=O)O,OC,True,SMOL-0203,229.235,2.4554,1,3,59.42,3,2,2,17,4
COc1ncc2cccc(C(C)C)c2n1,phenylpyridine,OC,C(C)C,True,SMOL-0204,202.25699999999998,2.761800000000001,0,3,35.010000000000005,2,2,2,15,3
CNC(=O)c1ccnn1CC(C)C,pyrazole,C(=O)NC,CC(C)C,True,SMOL-0205,181.23899999999998,0.8986999999999998,1,3,46.92,3,1,1,13,4
NC(=O)c1ccccc1-c1cccc(S(N)(=O)=O)n1,other,S(=O)(=O)N,C(N)=O,True,SMOL-0206,277.305,0.49490000000000023,2,4,116.14,3,2,2,19,7
Oc1ncc2cn[nH]nnc3c(c2n1)C=C3,phenylpyridine,O,c1nn[nH]n1,True,SMOL-0207,214.18800000000002,0.4566999999999998,2,6,100.47,0,3,2,16,7
Oc1ncc2cccc(O)c2n1,phenylpyridine,O,O,True,SMOL-0208,162.148,1.041,2,4,66.24000000000001,0,2,2,12,4
COc1ncc2cccc(C(N)=O)c2n1,phenylpyridine,OC,C(=O)N,True,SMOL-0209,203.20099999999996,0.7372999999999998,1,4,78.10000000000001,2,2,2,15,5
C1=CC2CNCCNC3CNCCNC=c4cnc3nc4=C12,phenylpyridine,C1CNCCN1,C1CNCCN1,True,SMOL-0210,298.39400000000006,-2.021999999999996,4,6,73.9,0,5,1,22,6
CC(C)c1ccccc1-c1cc(S(N)(=O)=O)ccn1,phenylpyridine,C(C)C,S(=O)(=O)N,True,SMOL-0211,276.36099999999993,2.5194,1,3,73.05000000000001,3,2,2,19,5
Nc1nc2c(N)cccc2[nH]1,benzimidazole,N,N,True,SMOL-0212,148.16899999999998,0.7273000000000001,3,3,80.72,0,2,2,11,4
CC(=O)Nc1cccc2[nH]c(N)nc12,benzimidazole,N,NC(=O)C,True,SMOL-0213,190.20599999999996,1.1034999999999997,3,3,83.8,1,2,2,14,5
CCNc1c(C(N)=O)[nH]c2ccccc12,indole,C(=O)N,NCC,True,SMOL-0214,203.245,1.6985999999999994,3,2,70.91,3,2,2,15,4
Nc1ncc2cccc(C(=O)O)c2n1,phenylpyridine,N,C(=O)O,True,SMOL-0215,189.17399999999998,0.9101999999999999,2,4,89.1,1,2,2,14,5
CCNc1ccnn1C(=O)NC,pyrazole,NCC,C(=O)NC,True,SMOL-0216,168.2,0.5023999999999998,2,4,58.95,2,1,1,12,5
NS(=O)(=O)c1cccccc2c3nc1c([nH]3)=CC=C2,benzimidazole,c1ccccc1,S(=O)(=O)N,True,SMOL-0217,273.317,0.8609000000000001,2,3,88.84,1,3,2,19,6
CC(C)Cc1c[nH]nc1S(N)(=O)=O,pyrazole,CC(C)C,S(=O)(=O)N,True,SMOL-0218,203.26699999999997,0.2556,2,3,88.84,3,1,1,13,6
CC(C)c1n[nH]cc1O,pyrazole,O,C(C)C,True,SMOL-0219,126.15899999999998,1.2387,2,2,48.91,1,1,1,9,3
CCc1cccc2cc(C(=O)O)[nH]c12,indole,CC,C(=O)O,True,SMOL-0220,189.21399999999997,2.4284999999999997,2,1,53.089999999999996,2,2,2,14,3
COc1c2[nH]c3c1=CNCCOCC2C=CC=3,indole,C1COCCN1,OC,True,SMOL-0221,232.28299999999996,-0.1849999999999996,2,3,46.28,1,3,1,17,4
NS(=O)(=O)c1nc2c(C(=O)O)cccc2[nH]1,benzimidazole,S(=O)(=O)N,C(=O)O,True,SMOL-0222,241.228,-0.09150000000000008,3,4,126.14000000000001,2,2,2,16,8
COc1ncc2c(n1)=C1C=CC1CNCCNC=2,phenylpyridine,OC,C1CNCCN1,True,SMOL-0223,244.298,-1.2472999999999976,2,5,59.07000000000001,1,3,1,18,5
CC(=O)NC1=CC2CCNN=C12,pyrazole,NC(=O)C,C1CC1,True,SMOL-0224,165.196,-0.014500000000000124,2,3,53.49,1,2,0,12,4
Nc1cccc2nc(C(=O)O)[nH]c12,indole,N,C(=O)O,True,SMOL-0225,177.163,0.8432999999999999,3,3,92.0,1,2,2,13,5
Cc1ccnc(-c2cccccccc3c2C=C3)c1,phenylpyridine,c1ccccc1,C,True,SMOL-0226,245.32500000000002,4.665220000000003,0,1,12.89,1,3,2,19,1
CCNc1cc2cccc(O)c2[nH]1,indole,O,NCC,True,SMOL-0227,176.21899999999997,2.3053000000000003,3,2,48.05,2,2,2,13,3
CNC(=O)c1n[nH]cc1OC,pyrazole,OC,C(=O)NC,True,SMOL-0228,155.15699999999998,-0.2221000000000004,2,3,67.01,2,1,1,11,5
CCc1cccc2cnc(OC)nc12,phenylpyridine,OC,CC,True,SMOL-0229,188.22999999999996,2.2008,0,3,35.010000000000005,2,2,2,14,3
OC1=CC2COCCNNN=C12,pyrazole,O,C1COCCN1,True,SMOL-0230,169.18400000000003,-0.46149999999999997,3,5,65.88,0,2,0,12,5
CC(C)c1cccc(-c2ccccc2C(F)(F)F)n1,other,C(C)C,C(F)(F)F,True,SMOL-0231,265.27799999999996,4.890800000000003,0,1,12.89,2,2,2,19,4
CCNc1cccc2cnc(C(=O)NC)nc12,phenylpyridine,C(=O)NC,NCC,True,SMOL-0232,230.27099999999996,1.4211999999999998,2,4,66.91,3,2,2,17,5
CC(=O)Nc1ccnc(C2=C3C=CC3CNCCNC=C2)c1,phenylpyridine,C1CNCCN1,NC(=O)C,True,SMOL-0233,296.37399999999997,1.6860999999999995,3,4,66.05,2,3,1,22,5
CNC(=O)c1cccc2cnc(C(N)=O)nc12,phenylpyridine,C(=O)N,C(=O)NC,True,SMOL-0234,230.22699999999998,0.08829999999999971,2,4,97.97000000000001,2,2,2,17,6
CC(C)c1nc2c([nH]1)=CC=CC1CNCCNC=21,benzimidazole,C(C)C,C1CNCCN1,True,SMOL-0235,244.34199999999998,-0.1993999999999984,3,3,52.74,1,3,1,18,4
CC(=O)Nc1nc2cccc(C(N)=O)c2[nH]1,indole,C(N)=O,NC(=O)C,True,SMOL-0236,218.21599999999998,0.6201999999999999,3,3,100.87,2,2,2,16,6
COc1ccnc(-c2ccccc2C(N)=O)c1,phenylpyridine,C(N)=O,OC,True,SMOL-0237,228.251,1.8560999999999999,1,3,65.21000000000001,3,2,2,17,4
CC(=O)Nc1ncc2c(n1)=C1C=CC1COCCNC=2,phenylpyridine,NC(=O)C,C1COCCN1,True,SMOL-0238,272.30799999999994,-0.8704999999999989,2,5,76.14,1,3,1,20,6
Nn1nccc1O,pyrazole,O,N,True,SMOL-0239,99.09299999999999,-0.6975000000000005,2,4,64.07000000000001,0,1,1,7,4
Cc1nc2cccc(F)c2[nH]1,indole,F,C,True,SMOL-0240,150.15599999999998,2.01042,1,1,28.68,0,2,2,11,3
CC(=O)Nc1[nH]c2c3c1C(=CC=C2)N=NNN=C3,indole,NC(=O)C,c1nn[nH]n1,True,SMOL-0241,242.24200000000005,1.6450999999999996,3,5,94.0,1,3,1,18,7
OC1=c2[nH]c3nc2cn[nH]nnc3C=C1,indole,O,c1nn[nH]n1,True,SMOL-0242,202.17700000000002,-0.38770000000000016,3,5,103.37,0,3,2,15,7
CCNc1c[nH]nc1NC(C)=O,pyrazole,NCC,NC(=O)C,True,SMOL-0243,168.2,0.7998999999999998,3,3,69.81,3,1,1,12,5
O=C(O)c1[nH]c2c3c1C(=CC=C2)N=NNN=C3,indole,C(=O)O,c1nn[nH]n1,True,SMOL-0244,229.19900000000004,1.3848999999999998,3,5,102.19999999999999,1,3,1,17,7
COC1=c2nc3ncc2=CNCCNCC3C=C1,phenylpyridine,C1CNCCN1,OC,True,SMOL-0245,244.298,-1.184599999999999,2,5,59.07000000000001,1,3,1,18,5
CC(=O)Nc1cc2cccc(O)c2[nH]1,indole,O,NC(=O)C,True,SMOL-0246,190.202,1.8318999999999996,3,2,65.12,1,2,2,14,4
COc1cccc(-c2ccccc2S(N)(=O)=O)n1,other,OC,S(=O)(=O)N,True,SMOL-0247,264.306,1.4045999999999996,1,4,82.28,3,2,2,18,6
Nc1c2[nH]c3c1cn[nH]nnc2C=CC=3,indole,c1nn[nH]n1,N,True,SMOL-0248,200.205,-0.08620000000000022,3,4,96.27000000000001,0,3,2,15,6
Nc1cc2c([nH]1)=C1C=CC1CNCCNC=2,indole,C1CNCCN1,N,True,SMOL-0249,216.28799999999998,-1.1355999999999986,4,3,65.87,0,3,1,16,4
COc1ccnc(C2=C3C=CC3CNCCNC=C2)c1,phenylpyridine,C1CNCCN1,OC,True,SMOL-0250,269.348,1.7363,2,4,46.18,2,3,1,20,4
COC1=CC2COCCNC=NN12,pyrazole,OC,C1COCCN1,True,SMOL-0251,183.211,-0.2784999999999999,1,5,46.09,1,2,0,13,5
CC(C)Cc1nc2c(C(=O)O)cccc2[nH]1,benzimidazole,CC(C)C,C(=O)O,True,SMOL-0252,218.25600000000003,2.4596,2,2,65.97999999999999,3,2,2,16,4
NC(=O)c1ccnn1C(=O)O,pyrazole,C(=O)N,C(=O)O,True,SMOL-0253,155.113,-0.4919000000000003,2,4,98.21000000000001,1,1,1,11,6
CCNc1cc2cccc(S(N)(=O)=O)c2[nH]1,indole,S(=O)(=O)N,NCC,True,SMOL-0254,239.29999999999995,1.2470999999999999,3,3,87.97999999999999,3,2,2,16,6
CCNc1nc2cccc(C(N)=O)c2[nH]1,indole,C(N)=O,NCC,True,SMOL-0255,204.23299999999998,1.0936,3,3,83.79999999999998,3,2,2,15,5
Cc1ncc2cccc(S(N)(=O)=O)c2n1,phenylpyridine,C,S(=O)(=O)N,True,SMOL-0256,223.25699999999995,0.5856200000000001,1,4,85.94,1,2,2,15,6
CNC(=O)c1cccc2cnc(C(F)(F)F)nc12,phenylpyridine,C(F)(F)F,C(=O)NC,True,SMOL-0257,255.19899999999996,2.0082,1,3,54.88,1,2,2,18,7
Fc1nc2c([nH]1)=CC=CC1CNCCNC=21,benzimidazole,F,C1CNCCN1,True,SMOL-0258,220.25099999999998,-1.183699999999999,3,3,52.74,0,3,1,16,5
NC(=O)c1nc2c([nH]1)C=CC=C1N=NNN=C12,benzimidazole,C(N)=O,c1nn[nH]n1,True,SMOL-0259,229.20300000000003,0.0938,3,6,120.88000000000001,1,3,1,17,8
C1=NN2C3=CC3COCCNC2CC1,pyrazole,C1COCCN1,C1CC1,True,SMOL-0260,193.24999999999997,0.5275999999999996,1,4,36.86,0,3,0,14,4
CC(C)Cc1cccc(-c2ccccc2C(=O)O)n1,other,CC(C)C,C(=O)O,True,SMOL-0261,255.31699999999998,3.6453000000000015,1,2,50.19,4,2,2,19,3
CCNc1nc2cccc(C(=O)O)c2[nH]1,indole,C(=O)O,NCC,True,SMOL-0262,205.21699999999998,1.6928999999999998,3,3,78.00999999999999,3,2,2,15,5
NC(=O)c1[nH]c2c3c1C(C=CC=2)CNCCNC=3,indole,C(N)=O,C1CNCCN1,True,SMOL-0263,244.298,-1.521699999999998,4,3,82.94,1,3,1,18,5
CC(=O)Nc1nc2c([nH]1)=C1C=CC1COCCNC=2,indole,C1COCCN1,NC(=O)C,True,SMOL-0264,260.29699999999997,-0.9373999999999991,3,4,79.04,1,3,1,19,6
Oc1ccnc(C2=C3C=CC3CNCCNC=C2)c1,phenylpyridine,C1CNCCN1,O,True,SMOL-0265,255.321,1.4333,3,4,57.18000000000001,1,3,1,19,4
CC(C)c1ccnn1C(N)=O,pyrazole,C(C)C,C(N)=O,True,SMOL-0266,153.18499999999997,0.9333,1,3,60.910000000000004,1,1,1,11,4
FC1=c2[nH]c3cc2=CNCCNCC3C=C1,indole,F,C1CNCCN1,True,SMOL-0267,219.26299999999998,-0.32340000000000013,3,2,39.85,0,3,1,16,4
ON1N=CC=CC=CC=C2C=C21,pyrazole,c1ccccc1,O,True,SMOL-0268,160.17599999999996,1.6133,1,3,35.83,0,2,0,12,3
CC(=O)Nc1ccnc(C2=C3C=CC3COCCNC=C2)c1,phenylpyridine,C1COCCN1,NC(=O)C,True,SMOL-0269,297.35799999999995,2.1130999999999998,2,4,63.25,2,3,1,22,5
CCNc1ccnc(-c2ccccc2N)c1,phenylpyridine,N,NCC,True,SMOL-0270,213.284,2.7626,2,3,50.94,3,2,2,16,3
COc1cccc2cnc(C(N)=O)nc12,phenylpyridine,C(N)=O,OC,True,SMOL-0271,203.20099999999996,0.7373000000000001,1,4,78.10000000000001,2,2,2,15,5
FC(F)(F)c1cc2cccc(C(F)(F)F)c2[nH]1,indole,C(F)(F)F,C(F)(F)F,True,SMOL-0272,253.14499999999998,4.205500000000001,1,0,15.79,0,2,2,17,7
NC(=O)N1N=CNCCOCC2C=C21,pyrazole,C1COCCN1,C(N)=O,True,SMOL-0273,196.20999999999998,-0.5561,2,4,79.95,0,2,0,14,6
Oc1cccc2[nH]c(F)nc12,benzimidazole,F,O,True,SMOL-0274,152.128,1.4075999999999997,2,2,48.91,0,2,2,11,4
CC(=O)Nc1cc2cccc(C(=O)O)c2[nH]1,indole,C(=O)O,NC(=O)C,True,SMOL-0275,218.212,1.8244999999999998,3,2,82.19,2,2,2,16,5
COc1cccc2cnc(CC(C)C)nc12,phenylpyridine,CC(C)C,OC,True,SMOL-0276,216.28399999999996,2.836900000000001,0,3,35.010000000000005,3,2,2,16,3
CCNc1nc2cccc(C(C)C)c2[nH]1,indole,C(C)C,NCC,True,SMOL-0277,203.289,3.118100000000001,2,2,40.71,3,2,2,15,3
COc1cc2c([nH]1)=C1C=CC1CNCCNC=2,indole,C1CNCCN1,OC,True,SMOL-0278,231.299,-0.7091999999999992,3,3,49.08,1,3,1,17,4
CCNc1c(O)[nH]c2ccccc12,indole,O,NCC,True,SMOL-0279,176.219,2.3053,3,2,48.05,2,2,2,13,3
NC(=O)c1ncc2c(n1)=C1C=CC1COCCNC=2,phenylpyridine,C(N)=O,C1COCCN1,True,SMOL-0280,258.28099999999995,-1.729999999999998,2,5,90.13000000000001,1,3,1,19,6
CNC(=O)C1=C2C=CC=C(N=NNN=C1)c1cccc2n1,other,c1nn[nH]n1,C(=O)NC,True,SMOL-0281,280.29100000000005,1.4481,2,6,91.1,1,3,1,21,7
NC(=O)c1ccccc1-c1cc(N)ccn1,phenylpyridine,C(=O)N,N,True,SMOL-0282,213.23999999999998,1.4297,2,3,82.0,2,2,2,16,4
CNC(=O)c1cccc2nc(C(=O)O)[nH]c12,indole,C(=O)NC,C(=O)O,True,SMOL-0283,219.19999999999996,0.6207,3,3,95.08000000000001,2,2,2,16,6
NC(=O)C1=CC2CNCCNNN=C12,pyrazole,C(=O)N,C1CNCCN1,True,SMOL-0284,195.226,-1.9186999999999985,4,5,91.54,1,2,0,14,6
CC(=O)NC1=c2nc3ncc2=CNCCNCC3C=C1,phenylpyridine,C1CNCCN1,NC(=O)C,True,SMOL-0285,271.324,-1.6948999999999976,3,5,78.94,1,3,1,20,6
CC(=O)Nc1cccccc2c3nc1c([nH]3)=CC=C2,benzimidazole,c1ccccc1,NC(=O)C,True,SMOL-0286,251.289,2.1719,2,2,57.78,1,3,2,19,4
CCc1ccnc(-c2ccccc2N)c1,phenylpyridine,N,CC,True,SMOL-0287,198.269,2.8932,1,2,38.91,2,2,2,15,2
CC(C)c1n[nH]cc1S(N)(=O)=O,pyrazole,S(=O)(=O)N,C(C)C,True,SMOL-0288,189.23999999999998,0.18050000000000005,2,3,88.84,2,1,1,12,6
NS(=O)(=O)C1=c2nc3ncc2=CNCCNCC3C=C1,phenylpyridine,C1CNCCN1,S(=O)(=O)N,True,SMOL-0289,293.352,-2.542499999999997,3,6,110.00000000000001,1,3,1,20,8
Nc1nc2cccc(C(F)(F)F)c2[nH]1,indole,C(F)(F)F,N,True,SMOL-0290,201.15099999999995,2.1639,2,2,54.699999999999996,0,2,2,14,6
CNC(=O)c1nc2cccc(C(=O)NC)c2[nH]1,indole,C(=O)NC,C(=O)NC,True,SMOL-0291,232.243,0.28210000000000013,3,3,86.88,2,2,2,17,6
Cc1cccc2cnc(O)nc12,phenylpyridine,O,C,True,SMOL-0292,160.17600000000002,1.64382,1,3,46.010000000000005,0,2,2,12,3
CNC(=O)c1nc2cccc(S(N)(=O)=O)c2[nH]1,indole,S(=O)(=O)N,C(=O)NC,True,SMOL-0293,254.271,-0.43009999999999987,3,4,117.94,2,2,2,17,8
COc1c2[nH]c3c1ccccccc2C=CC=3,indole,c1ccccc1,OC,True,SMOL-0294,223.275,2.8271000000000006,1,1,25.02,1,3,2,17,2
CCNc1ncc2cccc(C(=O)O)c2n1,phenylpyridine,NCC,C(=O)O,True,SMOL-0295,217.22799999999998,1.7597999999999998,2,4,75.11,3,2,2,16,5
O=C(O)c1cc2nccnc2cc1C(=O)O,other,C(=O)O,C(=O)O,True,SMOL-0296,218.16799999999998,1.0262,2,4,100.38000000000001,2,2,2,16,6
COc1cccc2cnc(NC(C)=O)nc12,phenylpyridine,NC(=O)C,OC,True,SMOL-0297,217.22799999999998,1.5967999999999998,1,4,64.11,2,2,2,16,5
CC(=O)NC1=C2C=CC=CC=CC=C(C=C1)c1ccnc2c1,phenylpyridine,NC(=O)C,c1ccccc1,True,SMOL-0298,288.35,3.5642000000000023,1,2,41.99,1,3,1,22,3
NS(=O)(=O)c1[nH]c2c3c1C(C=CC=2)CNCCNC=3,indole,S(=O)(=O)N,C1CNCCN1,True,SMOL-0299,280.35299999999995,-1.973199999999997,4,4,100.01,1,3,1,19,7
NC(=O)c1c[nH]nc1C(N)=O,pyrazole,C(N)=O,C(=O)N,True,SMOL-0300,154.12899999999996,-1.3925,3,3,114.86000000000001,2,1,1,11,6
NC(=O)c1cccc(-c2cccc3c2C=NNN=N3)n1,other,C(=O)N,c1nn[nH]n1,True,SMOL-0301,266.264,1.7832999999999999,2,6,105.09,2,3,2,20,7
c1ccnc2cc3c(cc1)n[nH]nnc1ccnc2cc13,other,c1nn[nH]n1,c1ccccc1,True,SMOL-0302,274.28700000000003,2.5736999999999997,1,5,80.24,0,4,4,21,6
Cc1ccnc(-c2ccccc2S(N)(=O)=O)c1,phenylpyridine,S(=O)(=O)N,C,True,SMOL-0303,248.307,1.7044199999999998,1,3,73.05,2,2,2,17,5
CC(C)c1nc2c(S(N)(=O)=O)cccc2[nH]1,benzimidazole,C(C)C,S(=O)(=O)N,True,SMOL-0304,239.3,1.3337,2,3,88.84,2,2,2,16,6
CCNc1cc2c3cc1C(C=CN=2)CNCCNN=3,other,NCC,C1CNCCN1,True,SMOL-0305,257.34099999999995,0.07630000000000076,3,5,60.81,2,4,1,19,5
CC(C)c1cc2cccc(C(N)=O)c2[nH]1,indole,C(=O)N,C(C)C,True,SMOL-0306,202.25699999999995,2.3901999999999997,2,1,58.88,2,2,2,15,3
Nc1cc2c3cc1C(C=CN=2)COCCNN=3,other,N,C1COCCN1,True,SMOL-0307,230.27099999999996,-0.3463,2,5,72.0,0,4,1,17,5
CNC(=O)c1ncc2cccc(C)c2n1,phenylpyridine,C(=O)NC,C,True,SMOL-0308,201.22899999999998,1.29782,1,3,54.88,1,2,2,15,4
CCc1c(C(=O)NC)[nH]c2ccccc12,indole,C(=O)NC,CC,True,SMOL-0309,202.257,2.0899,2,1,44.89,2,2,2,15,3
O=C(O)c1cc2c3cc1C(=CC=CC=CN=2)C=CN=3,other,c1ccccc1,C(=O)O,True,SMOL-0310,250.25700000000003,1.6181999999999996,1,3,62.019999999999996,1,3,1,19,4
CC(=O)NC1=c2[nH]c3cc2=CNCCNCC3C=C1,indole,NC(=O)C,C1CNCCN1,True,SMOL-0311,258.325,-1.1567999999999983,4,3,68.95,1,3,1,19,5
CC(=O)Nc1ncc2cccc(N)c2n1,phenylpyridine,NC(=O)C,N,True,SMOL-0312,202.21699999999998,1.1703999999999997,2,4,80.9,1,2,2,15,5
CCc1[nH]c2ccccc2c1S(N)(=O)=O,indole,CC,S(=O)(=O)N,True,SMOL-0313,224.28499999999994,1.3777000000000001,2,2,75.95,2,2,2,15,5
Nc1nc2c(C(=O)O)cccc2[nH]1,benzimidazole,N,C(=O)O,True,SMOL-0314,177.16299999999998,0.8432999999999999,3,3,92.0,1,2,2,13,5
NC(=O)C1=CC2CNCCNC=NN12,pyrazole,C(=O)N,C1CNCCN1,True,SMOL-0315,195.226,-1.824099999999998,3,5,82.75,1,2,0,14,6
CON1N=CNCCOCC2C=C21,pyrazole,C1COCCN1,OC,True,SMOL-0316,183.21099999999998,-0.07339999999999991,1,5,46.09,1,2,0,13,5
CC(=O)Nc1ccnc(-c2ccccc2Cl)c1,phenylpyridine,Cl,NC(=O)C,True,SMOL-0317,246.697,3.360400000000002,1,2,41.99,2,2,2,17,4
CCc1cccc2[nH]c(C(=O)NC)nc12,benzimidazole,C(=O)NC,CC,True,SMOL-0318,203.24499999999998,1.4848999999999999,2,2,57.78,2,2,2,15,4
CC(=O)Nc1cc2nccnc2cc1N,other,N,NC(=O)C,True,SMOL-0319,202.21699999999998,1.1703999999999997,2,4,80.9,1,2,2,15,5
CC(=O)NN1N=CC=CC=CC=C2C=C21,pyrazole,c1ccccc1,NC(=O)C,True,SMOL-0320,201.229,1.2752000000000001,1,3,44.7,1,2,0,15,4
O=C(O)c1c2[nH]c3c1=CNCCOCC2C=CC=3,indole,C1COCCN1,C(=O)O,True,SMOL-0321,246.26599999999996,-0.49539999999999984,3,3,74.35,1,3,1,18,5
CCc1cccc2cc(C)[nH]c12,indole,CC,C,True,SMOL-0322,159.23199999999997,3.0387200000000005,1,0,15.79,1,2,2,12,1
CC(=O)Nc1cc2cccc(NC(C)=O)c2[nH]1,indole,NC(=O)C,NC(=O)C,True,SMOL-0323,231.255,2.0846999999999998,3,2,73.99000000000001,2,2,2,17,5
CC(C)c1c[nH]nc1O,pyrazole,C(C)C,O,True,SMOL-0324,126.15899999999998,1.2387,2,2,48.91,1,1,1,9,3
NC(=O)c1cc2nccnc2cc1C(=O)O,other,C(=O)O,C(=O)N,True,SMOL-0325,217.18399999999997,0.42689999999999984,2,4,106.17,2,2,2,16,6
Cc1n[nH]cc1C(=O)O,pyrazole,C(=O)O,C,True,SMOL-0326,126.11499999999997,0.4163199999999999,2,2,65.98,1,1,1,9,4
O=C(O)c1ccnn1C(=O)O,pyrazole,C(=O)O,C(=O)O,True,SMOL-0327,156.097,0.10739999999999983,2,4,92.42,1,1,1,11,6
NC(=O)c1cccc(-c2ccccc2C(N)=O)n1,other,C(N)=O,C(=O)N,True,SMOL-0328,241.24999999999997,0.9463999999999999,2,3,99.07000000000001,3,2,2,18,5
Oc1c[nH]nc1F,pyrazole,O,F,True,SMOL-0329,102.068,0.25439999999999996,2,2,48.91,0,1,1,7,4
CC(C)CC1=CC=C2N=NNN=CC=C1c1cc2ccn1,phenylpyridine,CC(C)C,c1nn[nH]n1,True,SMOL-0330,279.347,3.7482000000000015,1,5,62.0,2,3,1,21,5
Nc1ccccc1-c1cc(F)ccn1,phenylpyridine,N,F,True,SMOL-0331,188.20499999999998,2.4699,1,2,38.91,1,2,2,14,3
CCNc1ccnc(-c2ccccc2O)c1,phenylpyridine,O,NCC,True,SMOL-0332,214.268,2.886000000000001,2,3,45.150000000000006,3,2,2,16,3
CNC(=O)c1cccc(-c2ccccc2O)n1,other,C(=O)NC,O,True,SMOL-0333,228.251,1.8138,2,3,62.22,2,2,2,17,4
COc1cccc2cnc(O)nc12,phenylpyridine,O,OC,True,SMOL-0334,176.17499999999998,1.3439999999999999,1,4,55.24,1,2,2,13,4
Nc1ccnn1N,pyrazole,N,N,True,SMOL-0335,98.10900000000002,-0.8209000000000002,2,4,69.86,0,1,1,7,4
CCNc1nc2c([nH]1)C=CC=C1N=NNN=C12,benzimidazole,NCC,c1nn[nH]n1,True,SMOL-0336,229.247,1.4266999999999999,3,6,89.82000000000001,2,3,1,17,7
O=C(O)c1cc2c([nH]1)=C1C=CC1CNCCNC=2,indole,C1CNCCN1,C(=O)O,True,SMOL-0337,245.282,-1.019599999999999,4,3,77.14999999999999,1,3,1,18,5
CCNc1n[nH]cc1O,pyrazole,O,NCC,True,SMOL-0338,127.14699999999998,0.5470999999999999,3,3,60.94,2,1,1,9,4
CC(=O)Nn1nccc1S(N)(=O)=O,pyrazole,S(=O)(=O)N,NC(=O)C,True,SMOL-0339,204.21099999999998,-1.3794999999999997,2,5,107.07999999999998,2,1,1,13,8
Oc1[nH]c2c3c1C(C=CC=2)CNCCNC=3,indole,O,C1CNCCN1,True,SMOL-0340,217.27199999999996,-0.9149999999999996,4,3,60.08,0,3,1,16,4
Nc1nc2c([nH]1)=C1C=CC1COCCNC=2,indole,C1COCCN1,N,True,SMOL-0341,218.25999999999996,-1.3135999999999992,3,4,75.96,0,3,1,16,5
CNC(=O)c1cc2c3cc1C(C=CN=3)COCCNN=2,other,C1COCCN1,C(=O)NC,True,SMOL-0342,272.30799999999994,-0.5688999999999989,2,5,75.08,1,3,1,20,6
CNC(=O)C1=c2nc3ncc2=CNCCNCC3C=C1,phenylpyridine,C1CNCCN1,C(=O)NC,True,SMOL-0343,271.324,-2.042499999999997,3,5,78.94,1,3,1,20,6
CCNc1cccc2cc(N)[nH]c12,indole,NCC,N,True,SMOL-0344,175.23499999999996,2.1818999999999997,3,2,53.839999999999996,2,2,2,13,3
COc1ccnn1C(=O)O,pyrazole,OC,C(=O)O,True,SMOL-0345,142.114,0.41779999999999995,1,4,64.35000000000001,1,1,1,10,5
Clc1nc2c([nH]1)=CC=CC1COCCNC=21,benzimidazole,Cl,C1COCCN1,True,SMOL-0346,237.68999999999997,-0.24240000000000012,2,3,49.94,0,3,1,16,5
COC1=c2nc3[nH]c2=CC=CC3COCCN1,benzimidazole,C1COCCN1,OC,True,SMOL-0347,233.271,-0.8244999999999996,2,4,59.17,1,3,1,17,5
CC(=O)Nc1cc2c3cc1C(C=CN=3)COCCNN=2,other,C1COCCN1,NC(=O)C,True,SMOL-0348,272.30799999999994,0.029900000000000093,2,5,75.08,1,3,1,20,6
CCc1cc2nccnc2cc1NC(C)=O,other,CC,NC(=O)C,True,SMOL-0349,215.256,2.1506,1,3,54.88,2,2,2,16,4
Cc1cccc2[nH]c(N)nc12,benzimidazole,N,C,True,SMOL-0350,147.181,1.45352,2,2,54.7,0,2,2,11,3
Cc1cccc2cc(C(=O)O)[nH]c12,indole,C,C(=O)O,False,SMOL-0351,175.187,2.1745200000000002,2,1,53.089999999999996,1,2,2,13,3
NS(=O)(=O)c1cc2c3cc1c(cccccn3)=CC=N2,other,S(=O)(=O)N,c1ccccc1,False,SMOL-0352,285.32800000000003,1.2219000000000004,1,4,85.41000000000001,1,4,2,20,6
C1=CC=C2CCC3C=CC=c4[nH]c3c2c4=CC=C1,indole,C1CC1,c1ccccc1,False,SMOL-0353,233.314,2.5323,1,0,15.79,0,4,1,18,1
CC(=O)Nc1ccnn1CC(C)C,pyrazole,NC(=O)C,CC(C)C,False,SMOL-0354,181.23899999999998,1.4974999999999998,1,3,46.92,3,1,1,13,4
COc1cc2cccc(C)c2[nH]1,indole,C,OC,False,SMOL-0355,161.20399999999998,2.48492,1,1,25.02,1,2,2,12,2
CNC(=O)c1nc2cccc(N)c2[nH]1,indole,N,C(=O)NC,False,SMOL-0356,190.206,0.5047000000000001,3,3,83.80000000000001,1,2,2,14,5
CNC(=O)c1c[nH]nc1OC,pyrazole,C(=O)NC,OC,False,SMOL-0357,155.15699999999998,-0.2221000000000004,2,3,67.01,2,1,1,11,5
CC(C)Cc1ccccc1-c1cccc(S(N)(=O)=O)n1,other,S(=O)(=O)N,CC(C)C,False,SMOL-0358,290.38800000000003,2.5945,1,3,73.05000000000001,4,2,2,20,5
COc1cc2c3cc1C(=CC=CC=CN=2)C=CN=3,other,c1ccccc1,OC,False,SMOL-0359,236.27400000000003,1.9286,0,3,33.95,1,3,1,18,3
Cc1cccc(-c2cccc3c2C=CC=CC=C3)n1,other,C,c1ccccc1,False,SMOL-0360,245.32500000000002,4.653220000000004,0,1,12.89,1,3,2,19,1
CCc1c[nH]nc1CC(C)C,pyrazole,CC,CC(C)C,False,SMOL-0361,152.24099999999999,2.1706000000000003,1,1,28.68,3,1,1,11,2
CCn1nccc1O,pyrazole,O,CC,False,SMOL-0362,112.13199999999996,0.6086,1,3,38.05,1,1,1,8,3
CNC(=O)c1ncc2cccc(NC(C)=O)c2n1,phenylpyridine,C(=O)NC,NC(=O)C,False,SMOL-0363,244.254,0.9477999999999999,2,4,83.98,2,2,2,18,6
NC(=O)c1cc2nccnc2cc1O,other,O,C(N)=O,False,SMOL-0364,189.17399999999998,0.43429999999999985,2,4,89.10000000000001,1,2,2,14,5
CC(C)Cc1ccnc(C2=C3C=CC3CCC=C2)c1,phenylpyridine,C1CC1,CC(C)C,False,SMOL-0365,251.373,4.5697000000000045,0,1,12.89,3,3,1,19,1
NC(=O)c1cccc2nc(S(N)(=O)=O)[nH]c12,indole,C(=O)N,S(=O)(=O)N,False,SMOL-0366,240.24399999999997,-0.6908000000000001,3,4,131.92999999999998,2,2,2,16,8
NC(=O)c1[nH]c2ccccc2c1Cl,indole,C(=O)N,Cl,False,SMOL-0367,194.62099999999998,1.9202,2,1,58.88,1,2,2,13,4
CCNc1cccc(-c2ccccc2C)n1,other,NCC,C,False,SMOL-0368,212.296,3.4888200000000014,1,2,24.92,3,2,2,16,2
CCc1c[nH]nc1C(N)=O,pyrazole,CC,C(=O)N,False,SMOL-0369,139.158,0.07100000000000012,2,2,71.77000000000001,2,1,1,10,4
CC(C)Cc1n[nH]cc1N,pyrazole,N,CC(C)C,False,SMOL-0370,139.20199999999997,1.1904,2,2,54.7,2,1,1,10,3
FC(F)(F)c1cc2cn[nH]nnc3c(c2[nH]1)C=C3,indole,c1nn[nH]n1,C(F)(F)F,False,SMOL-0371,253.187,2.308,2,3,70.25,0,3,2,18,8
CCc1nc2cccc(F)c2[nH]1,indole,F,CC,False,SMOL-0372,164.18299999999996,2.2643999999999997,1,1,28.68,1,2,2,12,3
Cc1nc2c([nH]1)C=CC=C1N=NNN=C12,benzimidazole,C,c1nn[nH]n1,False,SMOL-0373,200.20499999999998,1.3033199999999998,2,5,77.78999999999999,0,3,1,15,6
O=C(O)c1ccccc1-c1cccc(Cl)n1,other,Cl,C(=O)O,False,SMOL-0374,233.654,3.100200000000001,1,2,50.19,2,2,2,16,4
Cc1cc2nccnc2cc1C(=O)O,other,C,C(=O)O,False,SMOL-0375,188.186,1.6364199999999998,1,3,63.08,1,2,2,14,4
CC(C)Cc1ncc2cccc(CC(C)C)c2n1,phenylpyridine,CC(C)C,CC(C)C,False,SMOL-0376,242.36599999999999,4.026800000000003,0,2,25.78,4,2,2,18,2
Fc1c[nH]nc1Cl,pyrazole,F,Cl,False,SMOL-0377,120.514,1.2022,1,1,28.68,0,1,1,7,4
Nc1ncc2c(n1)=C1C=CC1CNCCNC=2,phenylpyridine,N,C1CNCCN1,False,SMOL-0378,229.287,-1.6736999999999977,3,5,75.86,0,3,1,17,5
CCc1cccc2nc(N)[nH]c12,indole,CC,N,False,SMOL-0379,161.20799999999997,1.7074999999999998,2,2,54.699999999999996,1,2,2,12,3
CNC(=O)c1c2[nH]c3c1=CNCCOCC2C=CC=3,indole,C1COCCN1,C(=O)NC,False,SMOL-0380,259.30899999999997,-0.8339999999999992,3,3,66.15,1,3,1,19,5
NS(=O)(=O)c1cccc(-c2cccc3c2C=NNN=N3)n1,other,S(=O)(=O)N,c1nn[nH]n1,False,SMOL-0381,302.31899999999996,1.3318,2,7,122.16000000000001,2,3,2,21,9
CC(=O)Nc1ncc2cccc(C(=O)O)c2n1,phenylpyridine,NC(=O)C,C(=O)O,False,SMOL-0382,231.21099999999998,1.2863999999999998,2,4,92.18,2,2,2,17,6
Cc1c(F)[nH]c2ccccc12,indole,F,C,False,SMOL-0383,149.16799999999998,2.6154200000000003,1,0,15.79,0,2,2,11,2
CCNc1ccnc(-c2ccccc2S(N)(=O)=O)c1,phenylpyridine,S(=O)(=O)N,NCC,False,SMOL-0384,277.349,1.8278,2,4,85.07999999999998,4,2,2,19,6
ClN1N=CNCCNCC2C=C21,pyrazole,C1CNCCN1,Cl,False,SMOL-0385,186.646,0.09199999999999992,2,4,39.66,0,2,0,12,5
COn1nccc1CC(C)C,pyrazole,CC(C)C,OC,False,SMOL-0386,154.21299999999997,1.14,0,3,27.05,3,1,1,11,3
Oc1cccc2nc(C(F)(F)F)[nH]c12,indole,O,C(F)(F)F,False,SMOL-0387,202.135,2.2873,2,2,48.910000000000004,0,2,2,14,6
CC(=O)NC1=c2[nH]c3cc2=CCCC3C=C1,indole,NC(=O)C,C1CC1,False,SMOL-0388,214.26799999999997,0.4866999999999999,2,1,44.89,1,3,1,16,3
CCNc1nc2c([nH]1)=C1C=CC1CCC=2,indole,C1CC1,NCC,False,SMOL-0389,201.273,0.7525000000000001,2,2,40.71,2,3,1,15,3
CC(=O)Nc1nc2cccc(O)c2[nH]1,indole,O,NC(=O)C,False,SMOL-0390,191.19,1.2268999999999994,3,3,78.00999999999999,1,2,2,14,5
CCc1ccccc1-c1cc(C(F)(F)F)ccn1,phenylpyridine,CC,C(F)(F)F,False,SMOL-0391,251.25099999999995,4.329800000000002,0,1,12.89,2,2,2,18,4
Cc1cc2nccnc2cc1C(N)=O,other,C(=O)N,C,False,SMOL-0392,187.202,1.0371199999999998,1,3,68.87,1,2,2,14,4
Cc1cc2c([nH]1)=C1C=CC1CNCCNC=2,indole,C1CNCCN1,C,False,SMOL-0393,215.29999999999998,-0.4093799999999992,3,2,39.85,0,3,1,16,3
CCNc1c[nH]nc1Cl,pyrazole,NCC,Cl,False,SMOL-0394,145.593,1.4949,2,2,40.71,2,1,1,9,4
CCNc1cccc2cc(C(=O)NC)[nH]c12,indole,NCC,C(=O)NC,False,SMOL-0395,217.27199999999996,1.9592999999999998,3,2,56.92,3,2,2,16,4
CC(=O)Nc1cc2c3cc1C(C=CN=3)CNCCNN=2,other,C1CNCCN1,NC(=O)C,False,SMOL-0396,271.32399999999996,-0.3970999999999995,3,5,77.88,1,3,1,20,6
NC(=O)c1ccccc1-c1cc(Cl)ccn1,phenylpyridine,C(=O)N,Cl,False,SMOL-0397,232.67,2.5009000000000006,1,2,55.980000000000004,2,2,2,16,4
Clc1cc2cccc(Cl)c2[nH]1,indole,Cl,Cl,False,SMOL-0398,186.041,3.4747000000000003,1,0,15.79,0,2,2,11,3
COc1cccc(-c2ccccc2OC)n1,other,OC,OC,False,SMOL-0399,215.25199999999998,2.7658000000000005,0,3,31.35,3,2,2,16,3
O=C(O)c1ccnc(C2=C3C=CC3CNCCNC=C2)c1,phenylpyridine,C1CNCCN1,C(=O)O,False,SMOL-0400,283.331,1.4258999999999997,3,4,74.25,2,3,1,21,5
CCc1ccccc1-c1cc(S(N)(=O)=O)ccn1,phenylpyridine,CC,S(=O)(=O)N,False,SMOL-0401,262.33399999999995,1.9584000000000001,1,3,73.05000000000001,3,2,2,18,5
FC(F)(F)c1nc2c([nH]1)=CC=CC1CCC=21,benzimidazole,C(F)(F)F,C1CC1,False,SMOL-0402,226.201,1.3395,1,1,28.68,0,3,1,16,5
CC(C)Cc1n[nH]cc1C(F)(F)F,pyrazole,C(F)(F)F,CC(C)C,False,SMOL-0403,192.18399999999997,2.6270000000000007,1,1,28.68,2,1,1,13,5
CC(C)c1c[nH]nc1C(C)C,pyrazole,C(C)C,C(C)C,False,SMOL-0404,152.24099999999999,2.656500000000001,1,1,28.68,2,1,1,11,2
CC(=O)Nc1c[nH]nc1C(C)C,pyrazole,NC(=O)C,C(C)C,False,SMOL-0405,167.212,1.4914999999999998,2,2,57.78,2,1,1,12,4
NS(=O)(=O)c1cc2nccnc2cc1C(F)(F)F,other,S(=O)(=O)N,C(F)(F)F,False,SMOL-0406,277.227,1.2960000000000003,1,4,85.94000000000001,1,2,2,18,9
Fc1cccc2cc(C(F)(F)F)[nH]c12,indole,F,C(F)(F)F,False,SMOL-0407,203.13799999999998,3.3258,1,0,15.79,0,2,2,14,5
COc1[nH]c2ccccc2c1Cl,indole,OC,Cl,False,SMOL-0408,181.62199999999996,2.829900000000001,1,1,25.02,1,2,2,12,3
CNC(=O)c1cccc2cc(C(F)(F)F)[nH]c12,indole,C(=O)NC,C(F)(F)F,False,SMOL-0409,242.19999999999996,2.5463000000000005,2,1,44.89,1,2,2,17,6
CNC(=O)c1cc2nccnc2cc1C(N)=O,other,C(=O)NC,C(=O)N,False,SMOL-0410,230.22699999999998,0.08829999999999993,2,4,97.97,2,2,2,17,6
CCc1cc2cccc(CC)c2[nH]1,indole,CC,CC,False,SMOL-0411,173.25899999999996,3.292700000000001,1,0,15.79,2,2,2,13,1
CCNc1ccnn1C(F)(F)F,pyrazole,NCC,C(F)(F)F,False,SMOL-0412,179.14499999999995,1.7912,1,3,29.85,2,1,1,12,6
NC1=NNC=CC=CC=C2C=C21,pyrazole,c1ccccc1,N,False,SMOL-0413,159.19199999999995,0.7981000000000003,2,3,50.41,0,2,0,12,3
CC(C)C1=c2nc3[nH]c2=CC=CC3CC1,benzimidazole,C1CC1,C(C)C,False,SMOL-0414,200.285,1.4441,1,1,28.68,1,3,1,15,2
CCc1ccccc1-c1cccc(NC(C)=O)n1,other,NC(=O)C,CC,False,SMOL-0415,240.30599999999998,3.269400000000001,1,2,41.99,3,2,2,18,3
NS(=O)(=O)c1cccc2[nH]c(Cl)nc12,benzimidazole,Cl,S(=O)(=O)N,False,SMOL-0416,231.664,0.8637000000000001,2,3,88.84,1,2,2,14,7
O=C(O)c1c(C(F)(F)F)[nH]c2ccccc12,indole,C(F)(F)F,C(=O)O,False,SMOL-0417,229.15700000000004,2.8849,2,1,53.089999999999996,1,2,2,16,6
NC(=O)c1cc2nccnc2cc1Cl,other,C(=O)N,Cl,False,SMOL-0418,207.61999999999998,1.3820999999999999,1,3,68.87,1,2,2,14,5
NC1=C2C=CNCCNCC(C=C1)c1ccnc2c1,phenylpyridine,N,C1CNCCN1,False,SMOL-0419,254.33700000000002,1.1112999999999997,3,4,62.97,0,3,1,19,4
FC(F)(F)c1nc2c(Cl)cccc2[nH]1,benzimidazole,C(F)(F)F,Cl,False,SMOL-0420,220.58100000000002,3.235100000000001,1,1,28.68,0,2,2,14,6
CCc1ccnn1C(N)=O,pyrazole,CC,C(N)=O,False,SMOL-0421,139.15800000000002,0.3723000000000002,1,3,60.910000000000004,1,1,1,10,4
CNC(=O)c1cc2nccnc2cc1OC,other,OC,C(=O)NC,False,SMOL-0422,217.22799999999998,0.998,1,4,64.11,2,2,2,16,5
CC(=O)Nc1nc2cccc(C)c2[nH]1,indole,C,NC(=O)C,False,SMOL-0423,189.218,1.8297199999999996,2,2,57.78,1,2,2,14,4
CC(C)c1n[nH]cc1N,pyrazole,N,C(C)C,False,SMOL-0424,125.175,1.1153,2,2,54.7,1,1,1,9,3
CC(C)Cc1cc2ccccccc3c(c2[nH]1)C=C3,indole,c1ccccc1,CC(C)C,False,SMOL-0425,249.357,4.974600000000004,1,0,15.79,2,3,2,19,1
CNC(=O)C1=c2[nH]c3nc2cn[nH]nnc3C=C1,indole,C(=O)NC,c1nn[nH]n1,False,SMOL-0426,243.23000000000005,-1.1571999999999993,3,5,112.24000000000001,1,3,2,18,8
CC(=O)Nc1n[nH]cc1S(N)(=O)=O,pyrazole,S(=O)(=O)N,NC(=O)C,False,SMOL-0427,204.21099999999998,-0.9845000000000002,3,4,117.94,2,1,1,13,8
CC(C)Cc1cc2c([nH]1)=C1C=CC1CCC=2,indole,C1CC1,CC(C)C,False,SMOL-0428,213.32399999999998,2.1242,1,0,15.79,2,3,1,16,1
CNC(=O)c1ccnc(-c2ccccc2OC)c1,phenylpyridine,OC,C(=O)NC,False,SMOL-0429,242.278,2.1168,1,3,51.22,3,2,2,18,4
CNC(=O)C1=c2[nH]c3cc2ccccccc3C=C1,indole,C(=O)NC,c1ccccc1,False,SMOL-0430,250.30100000000002,1.9346999999999996,2,1,44.89,1,3,2,19,3
CC(=O)Nc1nc2cccc(C(C)C)c2[nH]1,indole,C(C)C,NC(=O)C,False,SMOL-0431,217.272,2.6447000000000003,2,2,57.78,2,2,2,16,4
CC(C)Cc1ccnc(-c2ccccc2CC(C)C)c1,phenylpyridine,CC(C)C,CC(C)C,False,SMOL-0432,267.416,5.145600000000005,0,1,12.89,5,2,2,20,1
CC(C)n1nccc1C(N)=O,pyrazole,C(=O)N,C(C)C,False,SMOL-0433,153.18499999999995,0.5629000000000001,1,3,60.910000000000004,2,1,1,11,4
COc1nc2cccc(Cl)c2[nH]1,indole,Cl,OC,False,SMOL-0434,182.60999999999999,2.2249,1,2,37.91,1,2,2,12,4
CNC(=O)c1c(OC)[nH]c2ccccc12,indole,OC,C(=O)NC,False,SMOL-0435,204.229,1.5360999999999998,2,2,54.12,2,2,2,15,4
C1=CC2COCCNC3CNCCNC3=c3nc2[nH]c3=C1,benzimidazole,C1COCCN1,C1CNCCN1,False,SMOL-0436,287.36699999999996,-1.8669999999999967,4,5,74.0,0,4,1,21,6
NC(=O)c1ccnc(-c2ccccc2S(N)(=O)=O)c1,phenylpyridine,S(=O)(=O)N,C(=O)N,False,SMOL-0437,277.305,0.4949,2,4,116.13999999999999,3,2,2,19,7
O=C(O)c1ncc2cccc(Cl)c2n1,phenylpyridine,C(=O)O,Cl,False,SMOL-0438,208.60399999999998,1.9813999999999998,1,3,63.08,1,2,2,14,5
Nn1nccc1Cl,pyrazole,Cl,N,False,SMOL-0439,117.539,0.25029999999999963,1,3,43.84,0,1,1,7,4
CCc1cc2nccnc2cc1S(N)(=O)=O,other,CC,S(=O)(=O)N,False,SMOL-0440,237.284,0.8396000000000001,1,4,85.94,2,2,2,16,6
CCNc1c[nH]nc1S(N)(=O)=O,pyrazole,NCC,S(=O)(=O)N,False,SMOL-0441,190.22799999999998,-0.5110999999999999,3,4,100.87,3,1,1,12,7
CCc1ccnc(-c2ccccc2C(N)=O)c1,phenylpyridine,C(N)=O,CC,False,SMOL-0442,226.279,2.4098999999999995,1,2,55.98,3,2,2,17,3
Nc1ccnc(-c2ccccc2C(F)(F)F)c1,phenylpyridine,C(F)(F)F,N,False,SMOL-0443,238.21199999999996,3.3496000000000015,1,2,38.91,1,2,2,17,5
COc1cccc2nc(CC(C)C)[nH]c12,indole,OC,CC(C)C,False,SMOL-0444,204.273,2.7700000000000005,1,2,37.91,3,2,2,15,3
CCc1ccccc1-c1cccc(C(F)(F)F)n1,other,C(F)(F)F,CC,False,SMOL-0445,251.25099999999995,4.329800000000002,0,1,12.89,2,2,2,18,4
FC(F)(F)c1ncc2c(n1)=C1C=CC1CNCCNC=2,phenylpyridine,C(F)(F)F,C1CNCCN1,False,SMOL-0446,282.26899999999995,-0.23710000000000048,2,4,49.84,0,3,1,20,7
CNC(=O)N1N=CNCCNCC2C=C21,pyrazole,C1CNCCN1,C(=O)NC,False,SMOL-0447,209.253,-0.7223999999999995,3,4,68.76,0,2,0,15,6
FC(F)(F)c1c[nH]nc1C(F)(F)F,pyrazole,C(F)(F)F,C(F)(F)F,False,SMOL-0448,204.07299999999998,2.4472999999999994,1,1,28.68,0,1,1,13,8
CCNc1ncc2cccc(Cl)c2n1,phenylpyridine,NCC,Cl,False,SMOL-0449,207.664,2.7150000000000007,1,3,37.81,2,2,2,14,4
Cc1ccnn1C(N)=O,pyrazole,C,C(N)=O,False,SMOL-0450,125.13100000000001,0.11832000000000009,1,3,60.910000000000004,0,1,1,9,4
CCc1cccc(-c2ccccc2S(N)(=O)=O)n1,other,CC,S(=O)(=O)N,False,SMOL-0451,262.33399999999995,1.9583999999999993,1,3,73.05000000000001,3,2,2,18,5
CC(C)c1cccc2cnc(N)nc12,phenylpyridine,N,C(C)C,False,SMOL-0452,187.24599999999995,2.3354,1,3,51.8,1,2,2,14,3
COc1nc2c([nH]1)=CC=CC1=CC=CC=CC=21,benzimidazole,OC,c1ccccc1,False,SMOL-0453,224.263,0.9717000000000002,1,2,37.91,1,3,1,17,3
O=C(O)c1cc2cccc(Cl)c2[nH]1,indole,Cl,C(=O)O,False,SMOL-0454,195.605,2.5195,2,1,53.089999999999996,1,2,2,13,4
NC(=O)c1ncc2cccc(C(N)=O)c2n1,phenylpyridine,C(=O)N,C(N)=O,False,SMOL-0455,216.19999999999996,-0.17240000000000044,2,4,111.96,2,2,2,16,6
FC(F)(F)c1ncc2cccc(Cl)c2n1,phenylpyridine,C(F)(F)F,Cl,False,SMOL-0456,232.592,3.3019999999999996,0,2,25.78,0,2,2,15,6
Cc1ccccc1-c1cc(C(N)=O)ccn1,phenylpyridine,C,C(=O)N,False,SMOL-0457,212.25199999999998,2.15592,1,2,55.980000000000004,2,2,2,16,3
COc1ccccc1-c1cccc(C(F)(F)F)n1,other,C(F)(F)F,OC,False,SMOL-0458,253.22299999999996,3.7760000000000016,0,2,22.12,2,2,2,18,5
Cc1[nH]c2ccccc2c1N,indole,C,N,False,SMOL-0459,146.19299999999996,2.05852,2,1,41.81,0,2,2,11,2
CCNc1cccc(-c2ccccc2C(N)=O)n1,other,NCC,C(=O)N,False,SMOL-0460,241.29399999999998,2.2792999999999997,2,3,68.00999999999999,4,2,2,18,4
Oc1cc2c3cc1C(C=CN=3)CNCCNN=2,other,C1CNCCN1,O,False,SMOL-0461,230.271,-0.6498999999999997,3,5,69.01,0,3,1,17,5
CC(C)c1cc2nccnc2cc1C(=O)O,other,C(=O)O,C(C)C,False,SMOL-0462,216.23999999999995,2.4514000000000005,1,3,63.08,2,2,2,16,4
NS(=O)(=O)c1cc2nccnc2cc1S(N)(=O)=O,other,S(=O)(=O)N,S(=O)(=O)N,False,SMOL-0463,288.31000000000006,-1.0753999999999997,2,6,146.1,2,2,2,18,10
CNC(=O)c1[nH]c2ccccc2c1F,indole,C(=O)NC,F,False,SMOL-0464,192.19299999999998,1.6666,2,1,44.89,1,2,2,14,4
Fc1ccccc1-c1cc(C(F)(F)F)ccn1,phenylpyridine,F,C(F)(F)F,False,SMOL-0465,241.18699999999995,3.906500000000001,0,1,12.89,1,2,2,17,5
NC(=O)c1n[nH]cc1O,pyrazole,O,C(=O)N,False,SMOL-0466,127.10299999999998,-0.7858000000000005,3,3,92.00000000000001,1,1,1,9,5
CCc1ccnc(-c2cccccccc3c2C=C3)c1,phenylpyridine,c1ccccc1,CC,False,SMOL-0467,259.35200000000003,4.919200000000004,0,1,12.89,2,3,2,20,1
Cc1ccnn1C(=O)O,pyrazole,C,C(=O)O,False,SMOL-0468,126.115,0.7176199999999999,1,3,55.120000000000005,0,1,1,9,4
NC1=c2[nH]c3cc2=CNCCNCC3C=C1,indole,N,C1CNCCN1,False,SMOL-0469,216.28799999999998,-1.3341999999999985,4,3,65.87,0,3,1,16,4
CCc1nc2cccc(C(C)C)c2[nH]1,indole,C(C)C,CC,False,SMOL-0470,188.27399999999997,3.2487000000000013,1,1,28.68,2,2,2,14,2
NC(=O)c1nc2c(C(=O)O)cccc2[nH]1,benzimidazole,C(=O)N,C(=O)O,False,SMOL-0471,205.17300000000003,0.35999999999999943,3,3,109.07000000000002,2,2,2,15,6
CCc1nc2c([nH]1)=CC=CC1=CC=CC=CC=21,benzimidazole,CC,c1ccccc1,False,SMOL-0472,222.291,1.5254999999999999,1,1,28.68,1,3,1,17,2
CC(C)c1[nH]c2ccccc2c1Cl,indole,C(C)C,Cl,False,SMOL-0473,193.67699999999996,3.9447000000000028,1,0,15.79,1,2,2,13,2
NS(=O)(=O)C1=NNNCCNCC2C=C12,pyrazole,C1CNCCN1,S(=O)(=O)N,False,SMOL-0474,231.28099999999998,-2.1579999999999977,4,6,108.61000000000001,0,2,0,15,8
Cc1ncc2cccc(O)c2n1,phenylpyridine,C,O,False,SMOL-0475,160.176,1.64382,1,3,46.010000000000005,0,2,2,12,3
COC1=CC2CNCCNNN=C12,pyrazole,OC,C1CNCCN1,False,SMOL-0476,182.22700000000003,-0.8000999999999989,3,5,57.68,1,2,0,13,5
Cc1c[nH]nc1C(N)=O,pyrazole,C,C(N)=O,False,SMOL-0477,125.131,-0.18298000000000003,2,2,71.77000000000001,1,1,1,9,4
COc1cc2cccc(Cl)c2[nH]1,indole,Cl,OC,False,SMOL-0478,181.62199999999999,2.8299000000000003,1,1,25.02,1,2,2,12,3
ClC1=c2[nH]c3cc2ccccccc3C=C1,indole,Cl,c1ccccc1,False,SMOL-0479,227.69400000000002,3.3850000000000016,1,0,15.79,0,3,2,16,2
ClC1=Cc2ccccccnn21,pyrazole,Cl,c1ccccc1,False,SMOL-0480,178.62199999999999,2.5153000000000008,0,2,17.82,0,2,1,12,3
CCNc1[nH]c2ccccc2c1F,indole,NCC,F,False,SMOL-0481,178.20999999999995,2.7388000000000003,2,1,27.82,2,2,2,13,3
CCNc1c(C(C)C)[nH]c2ccccc12,indole,C(C)C,NCC,False,SMOL-0482,202.301,3.7231000000000023,2,1,27.82,3,2,2,15,2
Oc1cc2c3cc1C(=CC=N3)N=NNN=N2,other,c1nn[nH]n1,O,False,SMOL-0483,214.18800000000002,2.4181,2,7,94.06,0,3,1,16,7
CC(C)Cc1cccc(-c2ccccc2C(C)C)n1,other,CC(C)C,C(C)C,False,SMOL-0484,253.38899999999998,5.0705000000000044,0,1,12.89,4,2,2,19,1
CC(=O)Nc1cc2c([nH]1)=C1C=CC1CCC=2,indole,C1CC1,NC(=O)C,False,SMOL-0485,214.26799999999997,0.8841,2,1,44.89,1,3,1,16,3
COc1ccnc(-c2ccccc2N)c1,phenylpyridine,N,OC,False,SMOL-0486,200.241,2.3393999999999995,1,3,48.14,2,2,2,15,3
CC(=O)Nc1ccnn1C(C)C,pyrazole,NC(=O)C,C(C)C,False,SMOL-0487,167.212,1.4223999999999997,1,3,46.92,2,1,1,12,4
CC(C)Cc1ccccc1-c1cc(C(F)(F)F)ccn1,phenylpyridine,CC(C)C,C(F)(F)F,False,SMOL-0488,279.30499999999995,4.965900000000003,0,1,12.89,3,2,2,20,4
CC(C)c1nc2c(C(N)=O)cccc2[nH]1,benzimidazole,C(C)C,C(N)=O,False,SMOL-0489,203.24500000000003,1.7852000000000001,2,2,71.77,2,2,2,15,4
NC(=O)c1ccccc1-c1cc(C(F)(F)F)ccn1,phenylpyridine,C(=O)N,C(F)(F)F,False,SMOL-0490,266.2219999999999,2.8663000000000007,1,2,55.980000000000004,2,2,2,19,6
CNC(=O)c1[nH]c2c3c1C(C=CC=2)COCCNC=3,indole,C(=O)NC,C1COCCN1,False,SMOL-0491,259.30899999999997,-0.8339999999999987,3,3,66.15,1,3,1,19,5
Nc1c2[nH]c3c1=CNCCOCC2C=CC=3,indole,C1COCCN1,N,False,SMOL-0492,217.272,-0.6114000000000002,3,3,63.07000000000001,0,3,1,16,4
CNC(=O)c1cc2nccnc2cc1Cl,other,C(=O)NC,Cl,False,SMOL-0493,221.647,1.6428,1,3,54.88,1,2,2,15,5
Fc1nc2ccccccc3c(c2[nH]1)C=C3,indole,c1ccccc1,F,False,SMOL-0494,212.22699999999998,3.310200000000002,1,1,28.68,0,3,2,16,3
CNC(=O)c1cccc(-c2ccccc2OC)n1,other,C(=O)NC,OC,False,SMOL-0495,242.278,2.1167999999999996,1,3,51.22,3,2,2,18,4
CC(=O)Nc1c(C(C)C)[nH]c2ccccc12,indole,C(C)C,NC(=O)C,False,SMOL-0496,216.284,3.2497000000000016,2,1,44.89,2,2,2,16,3
COc1cccc2cnc(C(=O)O)nc12,phenylpyridine,C(=O)O,OC,False,SMOL-0497,204.18499999999997,1.3366,1,4,72.31,2,2,2,15,5
CCNc1cccc2nc(C(F)(F)F)[nH]c12,indole,NCC,C(F)(F)F,False,SMOL-0498,229.20499999999996,3.0135000000000005,2,2,40.71,2,2,2,16,6
CC(=O)Nc1cccc2nc(C(N)=O)[nH]c12,indole,NC(=O)C,C(N)=O,False,SMOL-0499,218.21599999999995,0.6201999999999998,3,3,100.87,2,2,2,16,6
COc1cccc2[nH]c(F)nc12,benzimidazole,F,OC,False,SMOL-0500,166.15499999999997,1.7106,1,2,37.91,1,2,2,12,4
